unsigned char model_vmfb[] = {
  0x54, 0x10, 0x00, 0x00, 0x08, 0x00, 0x00, 0x00, 0x49, 0x52, 0x45, 0x45,
  0xd6, 0xef, 0xff, 0xff, 0x2c, 0x00, 0x00, 0x00, 0x3c, 0x00, 0x00, 0x00,
  0x64, 0x00, 0x00, 0x00, 0x68, 0x00, 0x00, 0x00, 0xa8, 0x00, 0x00, 0x00,
  0xb0, 0x00, 0x00, 0x00, 0x20, 0x00, 0x00, 0x00, 0xb8, 0x00, 0x00, 0x00,
  0x0c, 0x08, 0x00, 0x00, 0x00, 0x00, 0x0f, 0x00, 0x44, 0x08, 0x00, 0x00,
  0x06, 0x00, 0x00, 0x00, 0x6d, 0x6f, 0x64, 0x75, 0x6c, 0x65, 0x00, 0x00,
  0x1a, 0xf0, 0xff, 0xff, 0x03, 0x00, 0x00, 0x00, 0x0a, 0x00, 0x00, 0x00,
  0xa0, 0x01, 0x00, 0x00, 0x8c, 0x01, 0x00, 0x00, 0x6c, 0x01, 0x00, 0x00,
  0x50, 0x01, 0x00, 0x00, 0x2c, 0x01, 0x00, 0x00, 0x08, 0x01, 0x00, 0x00,
  0xec, 0x00, 0x00, 0x00, 0xcc, 0x00, 0x00, 0x00, 0xb0, 0x00, 0x00, 0x00,
  0x94, 0x00, 0x00, 0x00, 0x01, 0x00, 0x00, 0x00, 0x84, 0x01, 0x00, 0x00,
  0x10, 0x00, 0x00, 0x00, 0x50, 0x05, 0x00, 0x00, 0x0c, 0x05, 0x00, 0x00,
  0xc8, 0x04, 0x00, 0x00, 0x88, 0x04, 0x00, 0x00, 0x40, 0x04, 0x00, 0x00,
  0xfc, 0x03, 0x00, 0x00, 0xac, 0x03, 0x00, 0x00, 0x58, 0x03, 0x00, 0x00,
  0x18, 0x03, 0x00, 0x00, 0xd8, 0x02, 0x00, 0x00, 0x84, 0x02, 0x00, 0x00,
  0x48, 0x02, 0x00, 0x00, 0x10, 0x02, 0x00, 0x00, 0xcc, 0x01, 0x00, 0x00,
  0x90, 0x01, 0x00, 0x00, 0x54, 0x01, 0x00, 0x00, 0x02, 0x00, 0x00, 0x00,
  0x60, 0x05, 0x00, 0x00, 0x44, 0x05, 0x00, 0x00, 0x03, 0x00, 0x00, 0x00,
  0x78, 0x06, 0x00, 0x00, 0x8c, 0x05, 0x00, 0x00, 0x74, 0x05, 0x00, 0x00,
  0x09, 0x00, 0x00, 0x00, 0x7c, 0x06, 0x00, 0x00, 0x94, 0x06, 0x00, 0x00,
  0xa4, 0x06, 0x00, 0x00, 0xc4, 0x06, 0x00, 0x00, 0xe4, 0x06, 0x00, 0x00,
  0xf0, 0x06, 0x00, 0x00, 0x00, 0x07, 0x00, 0x00, 0x10, 0x07, 0x00, 0x00,
  0x20, 0x07, 0x00, 0x00, 0xec, 0xf0, 0xff, 0xff, 0x04, 0x00, 0x00, 0x00,
  0x0a, 0x00, 0x00, 0x00, 0x21, 0x76, 0x6d, 0x2e, 0x62, 0x75, 0x66, 0x66,
  0x65, 0x72, 0x00, 0x00, 0x04, 0xf1, 0xff, 0xff, 0x04, 0x00, 0x00, 0x00,
  0x0a, 0x00, 0x00, 0x00, 0x21, 0x68, 0x61, 0x6c, 0x2e, 0x66, 0x65, 0x6e,
  0x63, 0x65, 0x00, 0x00, 0x1c, 0xf1, 0xff, 0xff, 0x04, 0x00, 0x00, 0x00,
  0x0f, 0x00, 0x00, 0x00, 0x21, 0x68, 0x61, 0x6c, 0x2e, 0x65, 0x78, 0x65,
  0x63, 0x75, 0x74, 0x61, 0x62, 0x6c, 0x65, 0x00, 0x38, 0xf1, 0xff, 0xff,
  0x04, 0x00, 0x00, 0x00, 0x0b, 0x00, 0x00, 0x00, 0x21, 0x68, 0x61, 0x6c,
  0x2e, 0x64, 0x65, 0x76, 0x69, 0x63, 0x65, 0x00, 0x50, 0xf1, 0xff, 0xff,
  0x04, 0x00, 0x00, 0x00, 0x13, 0x00, 0x00, 0x00, 0x21, 0x68, 0x61, 0x6c,
  0x2e, 0x63, 0x6f, 0x6d, 0x6d, 0x61, 0x6e, 0x64, 0x5f, 0x62, 0x75, 0x66,
  0x66, 0x65, 0x72, 0x00, 0x70, 0xf1, 0xff, 0xff, 0x04, 0x00, 0x00, 0x00,
  0x10, 0x00, 0x00, 0x00, 0x21, 0x68, 0x61, 0x6c, 0x2e, 0x62, 0x75, 0x66,
  0x66, 0x65, 0x72, 0x5f, 0x76, 0x69, 0x65, 0x77, 0x00, 0x00, 0x00, 0x00,
  0x90, 0xf1, 0xff, 0xff, 0x04, 0x00, 0x00, 0x00, 0x0b, 0x00, 0x00, 0x00,
  0x21, 0x68, 0x61, 0x6c, 0x2e, 0x62, 0x75, 0x66, 0x66, 0x65, 0x72, 0x00,
  0xa8, 0xf1, 0xff, 0xff, 0x04, 0x00, 0x00, 0x00, 0x0e, 0x00, 0x00, 0x00,
  0x21, 0x68, 0x61, 0x6c, 0x2e, 0x61, 0x6c, 0x6c, 0x6f, 0x63, 0x61, 0x74,
  0x6f, 0x72, 0x00, 0x00, 0xc4, 0xf1, 0xff, 0xff, 0x04, 0x00, 0x00, 0x00,
  0x03, 0x00, 0x00, 0x00, 0x69, 0x36, 0x34, 0x00, 0xd4, 0xf1, 0xff, 0xff,
  0x04, 0x00, 0x00, 0x00, 0x03, 0x00, 0x00, 0x00, 0x69, 0x33, 0x32, 0x00,
  0xde, 0xf1, 0xff, 0xff, 0x08, 0x00, 0x00, 0x00, 0x06, 0x00, 0x00, 0x00,
  0x03, 0x00, 0x00, 0x00, 0x68, 0x61, 0x6c, 0x00, 0xf2, 0xf1, 0xff, 0xff,
  0x20, 0x00, 0x00, 0x00, 0x04, 0x00, 0x00, 0x00, 0x04, 0xf2, 0xff, 0xff,
  0x04, 0x00, 0x00, 0x00, 0x08, 0x00, 0x00, 0x00, 0x30, 0x69, 0x49, 0x43,
  0x72, 0x44, 0x5f, 0x69, 0x00, 0x00, 0x00, 0x00, 0x0f, 0x00, 0x00, 0x00,
  0x68, 0x61, 0x6c, 0x2e, 0x66, 0x65, 0x6e, 0x63, 0x65, 0x2e, 0x61, 0x77,
  0x61, 0x69, 0x74, 0x00, 0x2a, 0xf2, 0xff, 0xff, 0x1c, 0x00, 0x00, 0x00,
  0x04, 0x00, 0x00, 0x00, 0x3c, 0xf2, 0xff, 0xff, 0x04, 0x00, 0x00, 0x00,
  0x05, 0x00, 0x00, 0x00, 0x30, 0x72, 0x49, 0x5f, 0x72, 0x00, 0x00, 0x00,
  0x10, 0x00, 0x00, 0x00, 0x68, 0x61, 0x6c, 0x2e, 0x66, 0x65, 0x6e, 0x63,
  0x65, 0x2e, 0x63, 0x72, 0x65, 0x61, 0x74, 0x65, 0x00, 0x00, 0x00, 0x00,
  0x62, 0xf2, 0xff, 0xff, 0x20, 0x00, 0x00, 0x00, 0x04, 0x00, 0x00, 0x00,
  0x74, 0xf2, 0xff, 0xff, 0x04, 0x00, 0x00, 0x00, 0x08, 0x00, 0x00, 0x00,
  0x30, 0x72, 0x49, 0x72, 0x72, 0x72, 0x5f, 0x72, 0x00, 0x00, 0x00, 0x00,
  0x15, 0x00, 0x00, 0x00, 0x68, 0x61, 0x6c, 0x2e, 0x65, 0x78, 0x65, 0x63,
  0x75, 0x74, 0x61, 0x62, 0x6c, 0x65, 0x2e, 0x63, 0x72, 0x65, 0x61, 0x74,
  0x65, 0x00, 0x00, 0x00, 0xa2, 0xf2, 0xff, 0xff, 0x1c, 0x00, 0x00, 0x00,
  0x04, 0x00, 0x00, 0x00, 0xb4, 0xf2, 0xff, 0xff, 0x04, 0x00, 0x00, 0x00,
  0x04, 0x00, 0x00, 0x00, 0x30, 0x69, 0x5f, 0x72, 0x00, 0x00, 0x00, 0x00,
  0x0f, 0x00, 0x00, 0x00, 0x68, 0x61, 0x6c, 0x2e, 0x64, 0x65, 0x76, 0x69,
  0x63, 0x65, 0x73, 0x2e, 0x67, 0x65, 0x74, 0x00, 0xd6, 0xf2, 0xff, 0xff,
  0x1c, 0x00, 0x00, 0x00, 0x04, 0x00, 0x00, 0x00, 0xe8, 0xf2, 0xff, 0xff,
  0x04, 0x00, 0x00, 0x00, 0x04, 0x00, 0x00, 0x00, 0x30, 0x76, 0x5f, 0x69,
  0x00, 0x00, 0x00, 0x00, 0x11, 0x00, 0x00, 0x00, 0x68, 0x61, 0x6c, 0x2e,
  0x64, 0x65, 0x76, 0x69, 0x63, 0x65, 0x73, 0x2e, 0x63, 0x6f, 0x75, 0x6e,
  0x74, 0x00, 0x00, 0x00, 0x0e, 0xf3, 0xff, 0xff, 0x24, 0x00, 0x00, 0x00,
  0x04, 0x00, 0x00, 0x00, 0x20, 0xf3, 0xff, 0xff, 0x04, 0x00, 0x00, 0x00,
  0x0e, 0x00, 0x00, 0x00, 0x30, 0x72, 0x49, 0x72, 0x72, 0x72, 0x49, 0x43,
  0x72, 0x49, 0x49, 0x44, 0x5f, 0x76, 0x00, 0x00, 0x21, 0x00, 0x00, 0x00,
  0x68, 0x61, 0x6c, 0x2e, 0x64, 0x65, 0x76, 0x69, 0x63, 0x65, 0x2e, 0x71,
  0x75, 0x65, 0x75, 0x65, 0x2e, 0x65, 0x78, 0x65, 0x63, 0x75, 0x74, 0x65,
  0x2e, 0x69, 0x6e, 0x64, 0x69, 0x72, 0x65, 0x63, 0x74, 0x00, 0x00, 0x00,
  0x5e, 0xf3, 0xff, 0xff, 0x1c, 0x00, 0x00, 0x00, 0x04, 0x00, 0x00, 0x00,
  0x70, 0xf3, 0xff, 0xff, 0x04, 0x00, 0x00, 0x00, 0x07, 0x00, 0x00, 0x00,
  0x30, 0x72, 0x72, 0x72, 0x5f, 0x69, 0x49, 0x00, 0x14, 0x00, 0x00, 0x00,
  0x68, 0x61, 0x6c, 0x2e, 0x64, 0x65, 0x76, 0x69, 0x63, 0x65, 0x2e, 0x71,
  0x75, 0x65, 0x72, 0x79, 0x2e, 0x69, 0x36, 0x34, 0x00, 0x00, 0x00, 0x00,
  0x9a, 0xf3, 0xff, 0xff, 0x1c, 0x00, 0x00, 0x00, 0x04, 0x00, 0x00, 0x00,
  0xac, 0xf3, 0xff, 0xff, 0x04, 0x00, 0x00, 0x00, 0x04, 0x00, 0x00, 0x00,
  0x30, 0x72, 0x5f, 0x72, 0x00, 0x00, 0x00, 0x00, 0x14, 0x00, 0x00, 0x00,
  0x68, 0x61, 0x6c, 0x2e, 0x64, 0x65, 0x76, 0x69, 0x63, 0x65, 0x2e, 0x61,
  0x6c, 0x6c, 0x6f, 0x63, 0x61, 0x74, 0x6f, 0x72, 0x00, 0x00, 0x00, 0x00,
  0xd6, 0xf3, 0xff, 0xff, 0x2c, 0x00, 0x00, 0x00, 0x04, 0x00, 0x00, 0x00,
  0xe8, 0xf3, 0xff, 0xff, 0x04, 0x00, 0x00, 0x00, 0x14, 0x00, 0x00, 0x00,
  0x30, 0x72, 0x72, 0x69, 0x69, 0x69, 0x69, 0x49, 0x43, 0x69, 0x44, 0x43,
  0x69, 0x69, 0x72, 0x49, 0x49, 0x44, 0x5f, 0x76, 0x00, 0x00, 0x00, 0x00,
  0x1b, 0x00, 0x00, 0x00, 0x68, 0x61, 0x6c, 0x2e, 0x63, 0x6f, 0x6d, 0x6d,
  0x61, 0x6e, 0x64, 0x5f, 0x62, 0x75, 0x66, 0x66, 0x65, 0x72, 0x2e, 0x64,
  0x69, 0x73, 0x70, 0x61, 0x74, 0x63, 0x68, 0x00, 0x26, 0xf4, 0xff, 0xff,
  0x1c, 0x00, 0x00, 0x00, 0x04, 0x00, 0x00, 0x00, 0x38, 0xf4, 0xff, 0xff,
  0x04, 0x00, 0x00, 0x00, 0x07, 0x00, 0x00, 0x00, 0x30, 0x72, 0x69, 0x69,
  0x49, 0x5f, 0x76, 0x00, 0x24, 0x00, 0x00, 0x00, 0x68, 0x61, 0x6c, 0x2e,
  0x63, 0x6f, 0x6d, 0x6d, 0x61, 0x6e, 0x64, 0x5f, 0x62, 0x75, 0x66, 0x66,
  0x65, 0x72, 0x2e, 0x65, 0x78, 0x65, 0x63, 0x75, 0x74, 0x69, 0x6f, 0x6e,
  0x5f, 0x62, 0x61, 0x72, 0x72, 0x69, 0x65, 0x72, 0x00, 0x00, 0x00, 0x00,
  0x72, 0xf4, 0xff, 0xff, 0x1c, 0x00, 0x00, 0x00, 0x04, 0x00, 0x00, 0x00,
  0x84, 0xf4, 0xff, 0xff, 0x04, 0x00, 0x00, 0x00, 0x04, 0x00, 0x00, 0x00,
  0x30, 0x72, 0x5f, 0x76, 0x00, 0x00, 0x00, 0x00, 0x1b, 0x00, 0x00, 0x00,
  0x68, 0x61, 0x6c, 0x2e, 0x63, 0x6f, 0x6d, 0x6d, 0x61, 0x6e, 0x64, 0x5f,
  0x62, 0x75, 0x66, 0x66, 0x65, 0x72, 0x2e, 0x66, 0x69, 0x6e, 0x61, 0x6c,
  0x69, 0x7a, 0x65, 0x00, 0xb2, 0xf4, 0xff, 0xff, 0x20, 0x00, 0x00, 0x00,
  0x04, 0x00, 0x00, 0x00, 0xc4, 0xf4, 0xff, 0xff, 0x04, 0x00, 0x00, 0x00,
  0x08, 0x00, 0x00, 0x00, 0x30, 0x72, 0x69, 0x69, 0x49, 0x69, 0x5f, 0x72,
  0x00, 0x00, 0x00, 0x00, 0x19, 0x00, 0x00, 0x00, 0x68, 0x61, 0x6c, 0x2e,
  0x63, 0x6f, 0x6d, 0x6d, 0x61, 0x6e, 0x64, 0x5f, 0x62, 0x75, 0x66, 0x66,
  0x65, 0x72, 0x2e, 0x63, 0x72, 0x65, 0x61, 0x74, 0x65, 0x00, 0x00, 0x00,
  0xf6, 0xf4, 0xff, 0xff, 0x1c, 0x00, 0x00, 0x00, 0x04, 0x00, 0x00, 0x00,
  0x08, 0xf5, 0xff, 0xff, 0x04, 0x00, 0x00, 0x00, 0x04, 0x00, 0x00, 0x00,
  0x30, 0x72, 0x5f, 0x72, 0x00, 0x00, 0x00, 0x00, 0x16, 0x00, 0x00, 0x00,
  0x68, 0x61, 0x6c, 0x2e, 0x62, 0x75, 0x66, 0x66, 0x65, 0x72, 0x5f, 0x76,
  0x69, 0x65, 0x77, 0x2e, 0x62, 0x75, 0x66, 0x66, 0x65, 0x72, 0x00, 0x00,
  0x32, 0xf5, 0xff, 0xff, 0x20, 0x00, 0x00, 0x00, 0x04, 0x00, 0x00, 0x00,
  0x44, 0xf5, 0xff, 0xff, 0x04, 0x00, 0x00, 0x00, 0x0a, 0x00, 0x00, 0x00,
  0x30, 0x72, 0x72, 0x69, 0x69, 0x43, 0x49, 0x44, 0x5f, 0x76, 0x00, 0x00,
  0x16, 0x00, 0x00, 0x00, 0x68, 0x61, 0x6c, 0x2e, 0x62, 0x75, 0x66, 0x66,
  0x65, 0x72, 0x5f, 0x76, 0x69, 0x65, 0x77, 0x2e, 0x61, 0x73, 0x73, 0x65,
  0x72, 0x74, 0x00, 0x00, 0x72, 0xf5, 0xff, 0xff, 0x20, 0x00, 0x00, 0x00,
  0x04, 0x00, 0x00, 0x00, 0x84, 0xf5, 0xff, 0xff, 0x04, 0x00, 0x00, 0x00,
  0x0b, 0x00, 0x00, 0x00, 0x30, 0x72, 0x49, 0x49, 0x69, 0x69, 0x43, 0x49,
  0x44, 0x5f, 0x72, 0x00, 0x16, 0x00, 0x00, 0x00, 0x68, 0x61, 0x6c, 0x2e,
  0x62, 0x75, 0x66, 0x66, 0x65, 0x72, 0x5f, 0x76, 0x69, 0x65, 0x77, 0x2e,
  0x63, 0x72, 0x65, 0x61, 0x74, 0x65, 0x00, 0x00, 0xb2, 0xf5, 0xff, 0xff,
  0x20, 0x00, 0x00, 0x00, 0x04, 0x00, 0x00, 0x00, 0xc4, 0xf5, 0xff, 0xff,
  0x04, 0x00, 0x00, 0x00, 0x09, 0x00, 0x00, 0x00, 0x30, 0x72, 0x72, 0x72,
  0x49, 0x69, 0x69, 0x5f, 0x76, 0x00, 0x00, 0x00, 0x11, 0x00, 0x00, 0x00,
  0x68, 0x61, 0x6c, 0x2e, 0x62, 0x75, 0x66, 0x66, 0x65, 0x72, 0x2e, 0x61,
  0x73, 0x73, 0x65, 0x72, 0x74, 0x00, 0x00, 0x00, 0xee, 0xf5, 0xff, 0xff,
  0x08, 0x00, 0x00, 0x00, 0x02, 0x00, 0x00, 0x00, 0x06, 0x00, 0x00, 0x00,
  0x5f, 0x5f, 0x69, 0x6e, 0x69, 0x74, 0x00, 0x00, 0x06, 0xf6, 0xff, 0xff,
  0x08, 0x00, 0x00, 0x00, 0x01, 0x00, 0x00, 0x00, 0x14, 0x00, 0x00, 0x00,
  0x76, 0x61, 0x6e, 0x69, 0x6c, 0x6c, 0x61, 0x5f, 0x6d, 0x61, 0x74, 0x6d,
  0x75, 0x6c, 0x5f, 0x6c, 0x61, 0x72, 0x67, 0x65, 0x00, 0x00, 0x00, 0x00,
  0x34, 0xf6, 0xff, 0xff, 0x04, 0x00, 0x00, 0x00, 0x04, 0x00, 0x00, 0x00,
  0x30, 0x76, 0x5f, 0x76, 0x00, 0x00, 0x00, 0x00, 0x42, 0xf6, 0xff, 0xff,
  0x08, 0x00, 0x00, 0x00, 0x10, 0x00, 0x00, 0x00, 0x06, 0x00, 0x00, 0x00,
  0x30, 0x72, 0x72, 0x72, 0x5f, 0x72, 0x00, 0x00, 0x01, 0x00, 0x00, 0x00,
  0x04, 0x00, 0x00, 0x00, 0x62, 0xf6, 0xff, 0xff, 0x08, 0x00, 0x00, 0x00,
  0x20, 0x00, 0x00, 0x00, 0x14, 0x00, 0x00, 0x00, 0x69, 0x72, 0x65, 0x65,
  0x2e, 0x61, 0x62, 0x69, 0x2e, 0x64, 0x65, 0x63, 0x6c, 0x61, 0x72, 0x61,
  0x74, 0x69, 0x6f, 0x6e, 0x00, 0x00, 0x00, 0x00, 0x9a, 0x00, 0x00, 0x00,
  0x73, 0x79, 0x6e, 0x63, 0x20, 0x66, 0x75, 0x6e, 0x63, 0x20, 0x40, 0x76,
  0x61, 0x6e, 0x69, 0x6c, 0x6c, 0x61, 0x5f, 0x6d, 0x61, 0x74, 0x6d, 0x75,
  0x6c, 0x5f, 0x6c, 0x61, 0x72, 0x67, 0x65, 0x28, 0x25, 0x69, 0x6e, 0x70,
  0x75, 0x74, 0x30, 0x3a, 0x20, 0x74, 0x65, 0x6e, 0x73, 0x6f, 0x72, 0x3c,
  0x31, 0x32, 0x38, 0x78, 0x31, 0x32, 0x38, 0x78, 0x69, 0x38, 0x3e, 0x2c,
  0x20, 0x25, 0x69, 0x6e, 0x70, 0x75, 0x74, 0x31, 0x3a, 0x20, 0x74, 0x65,
  0x6e, 0x73, 0x6f, 0x72, 0x3c, 0x31, 0x32, 0x38, 0x78, 0x31, 0x32, 0x38,
  0x78, 0x69, 0x38, 0x3e, 0x2c, 0x20, 0x25, 0x69, 0x6e, 0x70, 0x75, 0x74,
  0x32, 0x3a, 0x20, 0x74, 0x65, 0x6e, 0x73, 0x6f, 0x72, 0x3c, 0x31, 0x32,
  0x38, 0x78, 0x31, 0x32, 0x38, 0x78, 0x69, 0x33, 0x32, 0x3e, 0x29, 0x20,
  0x2d, 0x3e, 0x20, 0x28, 0x25, 0x6f, 0x75, 0x74, 0x70, 0x75, 0x74, 0x30,
  0x3a, 0x20, 0x74, 0x65, 0x6e, 0x73, 0x6f, 0x72, 0x3c, 0x31, 0x32, 0x38,
  0x78, 0x31, 0x32, 0x38, 0x78, 0x69, 0x33, 0x32, 0x3e, 0x29, 0x00, 0x00,
  0x30, 0xf7, 0xff, 0xff, 0x04, 0x00, 0x00, 0x00, 0x04, 0x00, 0x00, 0x00,
  0x30, 0x76, 0x5f, 0x72, 0x00, 0x00, 0x00, 0x00, 0x5c, 0xf7, 0xff, 0xff,
  0x04, 0x00, 0x00, 0x00, 0x0d, 0x00, 0x00, 0x00, 0x68, 0x61, 0x6c, 0x2e,
  0x64, 0x65, 0x76, 0x69, 0x63, 0x65, 0x2e, 0x69, 0x64, 0x00, 0x00, 0x00,
  0x78, 0xf7, 0xff, 0xff, 0x04, 0x00, 0x00, 0x00, 0x06, 0x00, 0x00, 0x00,
  0x6c, 0x6f, 0x63, 0x61, 0x6c, 0x2a, 0x00, 0x00, 0x8c, 0xf7, 0xff, 0xff,
  0x04, 0x00, 0x00, 0x00, 0x15, 0x00, 0x00, 0x00, 0x68, 0x61, 0x6c, 0x2e,
  0x65, 0x78, 0x65, 0x63, 0x75, 0x74, 0x61, 0x62, 0x6c, 0x65, 0x2e, 0x66,
  0x6f, 0x72, 0x6d, 0x61, 0x74, 0x00, 0x00, 0x00, 0xb0, 0xf7, 0xff, 0xff,
  0x04, 0x00, 0x00, 0x00, 0x15, 0x00, 0x00, 0x00, 0x65, 0x6d, 0x62, 0x65,
  0x64, 0x64, 0x65, 0x64, 0x2d, 0x65, 0x6c, 0x66, 0x2d, 0x72, 0x69, 0x73,
  0x63, 0x76, 0x5f, 0x36, 0x34, 0x00, 0x00, 0x00, 0xca, 0xf7, 0xff, 0xff,
  0xb8, 0x58, 0x00, 0x00, 0x00, 0x00, 0x00, 0x00, 0x00, 0x00, 0x00, 0x00,
  0xe4, 0xf7, 0xff, 0xff, 0x04, 0x00, 0x00, 0x00, 0x06, 0x00, 0x00, 0x00,
  0x69, 0x6e, 0x70, 0x75, 0x74, 0x30, 0x00, 0x00, 0xf8, 0xf7, 0xff, 0xff,
  0x04, 0x00, 0x00, 0x00, 0x06, 0x00, 0x00, 0x00, 0x74, 0x65, 0x6e, 0x73,
  0x6f, 0x72, 0x00, 0x00, 0x0c, 0xf8, 0xff, 0xff, 0x04, 0x00, 0x00, 0x00,
  0x06, 0x00, 0x00, 0x00, 0x69, 0x6e, 0x70, 0x75, 0x74, 0x31, 0x00, 0x00,
  0x20, 0xf8, 0xff, 0xff, 0x04, 0x00, 0x00, 0x00, 0x06, 0x00, 0x00, 0x00,
  0x69, 0x6e, 0x70, 0x75, 0x74, 0x32, 0x00, 0x00, 0x03, 0x00, 0x00, 0x00,
  0x00, 0x00, 0x00, 0x00, 0xee, 0x00, 0x00, 0x00, 0x00, 0x00, 0x00, 0x00,
  0x00, 0x00, 0x01, 0x00, 0x10, 0x00, 0x03, 0x00, 0xf0, 0x00, 0x00, 0x00,
  0x2d, 0x02, 0x00, 0x00, 0x00, 0x00, 0x00, 0x00, 0x00, 0x00, 0x03, 0x00,
  0x10, 0x00, 0x09, 0x00, 0x20, 0x03, 0x00, 0x00, 0x62, 0x04, 0x00, 0x00,
  0x00, 0x00, 0x00, 0x00, 0x00, 0x00, 0x0a, 0x00, 0x14, 0x00, 0x05, 0x00,
  0x88, 0x07, 0x00, 0x00, 0x79, 0x0d, 0x0d, 0x00, 0x00, 0x00, 0x00, 0x00,
  0x0d, 0x1c, 0x00, 0x00, 0x00, 0x01, 0x00, 0x0d, 0x02, 0x00, 0x00, 0x00,
  0x02, 0x00, 0x10, 0x00, 0x80, 0x0d, 0x01, 0x00, 0x00, 0x00, 0x03, 0x00,
  0x0d, 0x10, 0x00, 0x00, 0x00, 0x04, 0x00, 0x0d, 0x03, 0x00, 0x00, 0x00,
  0x05, 0x00, 0x0c, 0x06, 0x00, 0x0f, 0x00, 0x00, 0x01, 0x00, 0x00, 0x00,
  0x00, 0x00, 0x08, 0x00, 0x0f, 0x00, 0x40, 0x00, 0x00, 0x00, 0x00, 0x00,
  0x00, 0x0a, 0x00, 0x0e, 0x0c, 0x00, 0x0f, 0xff, 0xff, 0xff, 0xff, 0xff,
  0xff, 0xff, 0xff, 0x0e, 0x00, 0x08, 0x00, 0x00, 0x00, 0x00, 0x06, 0x00,
  0x00, 0x00, 0x01, 0x80, 0x08, 0x01, 0x00, 0x00, 0x00, 0x07, 0x00, 0x00,
  0x00, 0x02, 0x80, 0x58, 0x04, 0x00, 0x00, 0x80, 0x05, 0x00, 0x01, 0xc0,
  0x06, 0x00, 0x05, 0x00, 0x0e, 0x00, 0x05, 0x00, 0x01, 0x00, 0x01, 0x80,
  0x59, 0x07, 0x00, 0x00, 0x80, 0x00, 0x09, 0x00, 0xff, 0xff, 0xff, 0xff,
  0xff, 0xff, 0xff, 0xff, 0xff, 0xff, 0xff, 0xff, 0xff, 0xff, 0x00, 0x00,
  0x03, 0x00, 0x16, 0x00, 0x01, 0x80, 0x02, 0xc0, 0x06, 0x00, 0x04, 0x00,
  0x03, 0x00, 0x03, 0x00, 0x0c, 0x00, 0x06, 0x00, 0x06, 0x00, 0x00, 0x80,
  0x0c, 0x00, 0x0a, 0x00, 0x06, 0x00, 0x03, 0x00, 0x00, 0x80, 0x0c, 0x00,
  0x0a, 0x00, 0x06, 0x00, 0x02, 0x00, 0x00, 0xc0, 0x0c, 0x00, 0x08, 0x00,
  0x00, 0x00, 0x58, 0x06, 0x00, 0x00, 0x80, 0x00, 0x04, 0x00, 0x01, 0x80,
  0x01, 0x00, 0x00, 0x00, 0x0c, 0x00, 0x00, 0x00, 0x58, 0x05, 0x00, 0x00,
  0x80, 0x00, 0x01, 0x00, 0x01, 0x80, 0x00, 0x00, 0x5a, 0x00, 0x01, 0x00,
  0x01, 0xc0, 0x00, 0x00, 0x79, 0x0d, 0x20, 0x00, 0x00, 0x10, 0x00, 0x00,
  0x0d, 0x03, 0x0c, 0x00, 0x00, 0x01, 0x00, 0x0d, 0x10, 0x00, 0x00, 0x00,
  0x02, 0x00, 0x0d, 0x01, 0x00, 0x00, 0x00, 0x03, 0x00, 0x0d, 0x08, 0x00,
  0x00, 0x10, 0x04, 0x00, 0x0f, 0x80, 0x00, 0x00, 0x00, 0x00, 0x00, 0x00,
  0x00, 0x06, 0x00, 0x0f, 0x00, 0x40, 0x00, 0x00, 0x00, 0x00, 0x00, 0x00,
  0x08, 0x00, 0x0f, 0x00, 0x00, 0x01, 0x00, 0x00, 0x00, 0x00, 0x00, 0x0a,
  0x00, 0x0e, 0x0c, 0x00, 0x0f, 0xff, 0xff, 0xff, 0xff, 0xff, 0xff, 0xff,
  0xff, 0x0e, 0x00, 0x10, 0x03, 0x80, 0x0d, 0xff, 0xff, 0xff, 0xff, 0x05,
  0x00, 0x08, 0x00, 0x00, 0x00, 0x00, 0x06, 0x00, 0x00, 0x00, 0x04, 0x80,
  0x08, 0x02, 0x00, 0x00, 0x00, 0x05, 0x00, 0x00, 0x00, 0x05, 0x80, 0x11,
  0x05, 0x00, 0x00, 0x00, 0x06, 0x80, 0x59, 0x02, 0x00, 0x00, 0x80, 0x00,
  0x05, 0x00, 0xff, 0xff, 0xff, 0xff, 0xff, 0xff, 0xff, 0xff, 0x02, 0x00,
  0x06, 0x00, 0x00, 0x80, 0x06, 0xc0, 0x04, 0x00, 0x03, 0x00, 0x06, 0x00,
  0x06, 0x00, 0x00, 0x00, 0x58, 0x03, 0x00, 0x00, 0x80, 0x00, 0x01, 0x00,
  0x00, 0xc0, 0x01, 0x00, 0x00, 0x80, 0x58, 0x08, 0x00, 0x00, 0x80, 0x00,
  0x01, 0x00, 0x04, 0x80, 0x01, 0x00, 0x06, 0x80, 0x11, 0x06, 0x00, 0x00,
  0x00, 0x07, 0x80, 0x58, 0x00, 0x00, 0x00, 0x80, 0x06, 0x00, 0x00, 0x80,
  0x07, 0x80, 0x06, 0x80, 0x08, 0x00, 0x02, 0x00, 0x01, 0x00, 0x00, 0x00,
  0x11, 0x07, 0x00, 0x00, 0x00, 0x08, 0x80, 0x59, 0x02, 0x00, 0x00, 0x80,
  0x05, 0x00, 0xff, 0xff, 0xff, 0xff, 0xff, 0xff, 0xff, 0xff, 0x02, 0x00,
  0x06, 0x00, 0x01, 0x80, 0x08, 0xc0, 0x04, 0x00, 0x03, 0x00, 0x06, 0x00,
  0x06, 0x00, 0x00, 0x00, 0x58, 0x03, 0x00, 0x00, 0x80, 0x00, 0x01, 0x00,
  0x01, 0xc0, 0x01, 0x00, 0x01, 0x80, 0x58, 0x00, 0x00, 0x00, 0x80, 0x00,
  0x06, 0x00, 0x01, 0x80, 0x07, 0x80, 0x06, 0x80, 0x08, 0x00, 0x02, 0x00,
  0x01, 0x00, 0x00, 0x00, 0x11, 0x08, 0x00, 0x00, 0x00, 0x08, 0x80, 0x59,
  0x02, 0x00, 0x00, 0x80, 0x05, 0x00, 0xff, 0xff, 0xff, 0xff, 0xff, 0xff,
  0xff, 0xff, 0x02, 0x00, 0x06, 0x00, 0x02, 0x80, 0x08, 0xc0, 0x00, 0x00,
  0x03, 0x00, 0x06, 0x00, 0x06, 0x00, 0x00, 0x00, 0x58, 0x03, 0x00, 0x00,
  0x80, 0x00, 0x01, 0x00, 0x02, 0xc0, 0x01, 0x00, 0x02, 0x80, 0x58, 0x00,
  0x00, 0x00, 0x80, 0x00, 0x06, 0x00, 0x02, 0x80, 0x07, 0xc0, 0x06, 0xc0,
  0x0a, 0x00, 0x02, 0x00, 0x01, 0x00, 0x00, 0x00, 0x58, 0x0e, 0x00, 0x00,
  0x80, 0x00, 0x02, 0x00, 0x04, 0x80, 0x0c, 0x00, 0x01, 0x00, 0x06, 0x80,
  0x59, 0x0a, 0x00, 0x00, 0x80, 0x00, 0x07, 0x00, 0xff, 0xff, 0xff, 0xff,
  0xff, 0xff, 0xff, 0xff, 0xff, 0xff, 0xff, 0xff, 0x03, 0x00, 0x0f, 0x00,
  0x04, 0xc0, 0x0e, 0x00, 0x03, 0xc0, 0x06, 0x80, 0x05, 0xc0, 0x0c, 0x00,
  0x00, 0xc0, 0x0c, 0x00, 0x08, 0x00, 0x01, 0xc0, 0x0c, 0x00, 0x08, 0x00,
  0x02, 0x80, 0x0c, 0x00, 0x0a, 0x00, 0x00, 0x00, 0x59, 0x0f, 0x00, 0x00,
  0x80, 0x00, 0x03, 0x00, 0xff, 0xff, 0xff, 0xff, 0x01, 0x00, 0x03, 0x00,
  0x05, 0x00, 0x0c, 0x00, 0x06, 0xc0, 0x01, 0x00, 0x01, 0x00, 0x57, 0x01,
  0x00, 0x0c, 0x02, 0x00, 0x00, 0x00, 0x00, 0x00, 0xde, 0x01, 0x00, 0x00,
  0x00, 0x00, 0x79, 0x59, 0x01, 0x00, 0x00, 0x80, 0x06, 0x00, 0xff, 0xff,
  0xff, 0xff, 0xff, 0xff, 0xff, 0xff, 0xff, 0xff, 0x02, 0x00, 0x07, 0x00,
  0x02, 0xc0, 0x0c, 0x00, 0x0a, 0x00, 0x00, 0x00, 0x03, 0x00, 0x06, 0x00,
  0x06, 0x00, 0x01, 0x00, 0x00, 0x80, 0x5a, 0x00, 0x01, 0x00, 0x00, 0xc0,
  0x79, 0x5b, 0x01, 0x00, 0x1b, 0x00, 0x66, 0x61, 0x69, 0x6c, 0x65, 0x64,
  0x20, 0x74, 0x6f, 0x20, 0x77, 0x61, 0x69, 0x74, 0x20, 0x6f, 0x6e, 0x20,
  0x74, 0x69, 0x6d, 0x65, 0x70, 0x6f, 0x69, 0x6e, 0x74, 0x00, 0x00, 0x00,
  0x79, 0x0d, 0x01, 0x00, 0x00, 0x00, 0x00, 0x00, 0x10, 0x00, 0x80, 0x0d,
  0x0e, 0x00, 0x00, 0x00, 0x01, 0x00, 0x0f, 0xff, 0xff, 0xff, 0xff, 0xff,
  0xff, 0xff, 0xff, 0x02, 0x00, 0x0d, 0x12, 0x00, 0x00, 0x00, 0x04, 0x00,
  0x0c, 0x05, 0x00, 0x0e, 0x06, 0x00, 0x0f, 0x01, 0x00, 0x00, 0x00, 0x00,
  0x00, 0x00, 0x00, 0x08, 0x00, 0x10, 0x01, 0x80, 0x58, 0x0b, 0x00, 0x00,
  0x80, 0x00, 0x00, 0x00, 0x01, 0x00, 0x0a, 0x00, 0x47, 0x0a, 0x00, 0x0a,
  0x00, 0x56, 0x64, 0x00, 0x00, 0x00, 0x05, 0x00, 0x01, 0x80, 0x02, 0x80,
  0x06, 0x00, 0x0c, 0x00, 0x07, 0x00, 0x0d, 0x00, 0x06, 0x00, 0x0e, 0x00,
  0x07, 0x00, 0x0f, 0x00, 0x79, 0x55, 0x02, 0x80, 0x10, 0x00, 0x35, 0x10,
  0x00, 0x00, 0x00, 0x10, 0x00, 0x50, 0x0c, 0x00, 0x0a, 0x00, 0x11, 0x00,
  0x33, 0x10, 0x00, 0x11, 0x00, 0x11, 0x00, 0x57, 0x11, 0x00, 0x8e, 0x00,
  0x00, 0x00, 0x00, 0x00, 0x58, 0x01, 0x00, 0x00, 0x00, 0x00, 0x79, 0x42,
  0x0c, 0x00, 0x10, 0x00, 0x58, 0x0c, 0x00, 0x00, 0x80, 0x00, 0x01, 0x00,
  0x10, 0x00, 0x01, 0x00, 0x02, 0x80, 0x11, 0x00, 0x00, 0x00, 0x00, 0x03,
  0x80, 0x11, 0x01, 0x00, 0x00, 0x00, 0x04, 0x80, 0x58, 0x09, 0x00, 0x00,
  0x80, 0x00, 0x03, 0x00, 0x02, 0x80, 0x03, 0xc0, 0x04, 0xc0, 0x02, 0x00,
  0x10, 0x00, 0x12, 0x00, 0x52, 0x12, 0x00, 0x11, 0x00, 0x1c, 0x10, 0x00,
  0x11, 0x00, 0x05, 0x00, 0x10, 0x00, 0x57, 0x10, 0x00, 0xe6, 0x00, 0x00,
  0x00, 0x00, 0x00, 0x00, 0x1e, 0x01, 0x00, 0x00, 0x01, 0x00, 0x05, 0x00,
  0x10, 0x00, 0x79, 0x11, 0x02, 0x00, 0x00, 0x00, 0x03, 0x80, 0x11, 0x03,
  0x00, 0x00, 0x00, 0x04, 0x80, 0x58, 0x09, 0x00, 0x00, 0x80, 0x03, 0x00,
  0x02, 0x80, 0x03, 0xc0, 0x04, 0xc0, 0x02, 0x00, 0x10, 0x00, 0x12, 0x00,
  0x52, 0x12, 0x00, 0x11, 0x00, 0x1c, 0x10, 0x00, 0x11, 0x00, 0x05, 0x00,
  0x10, 0x00, 0x56, 0x1e, 0x01, 0x00, 0x00, 0x00, 0x00, 0x00, 0x79, 0x4e,
  0x0e, 0x00, 0x06, 0x00, 0x11, 0x00, 0x1d, 0x10, 0x00, 0x08, 0x00, 0x06,
  0x00, 0x12, 0x00, 0x2a, 0x0e, 0x00, 0x12, 0x00, 0x0e, 0x00, 0x33, 0x10,
  0x00, 0x11, 0x00, 0x10, 0x00, 0x1e, 0x10, 0x00, 0x06, 0x00, 0x00, 0x00,
  0x02, 0xc0, 0x01, 0x80, 0x02, 0x80, 0x2a, 0x0c, 0x00, 0x08, 0x00, 0x0c,
  0x00, 0x56, 0x64, 0x00, 0x00, 0x00, 0x00, 0x00, 0x79, 0x57, 0x10, 0x00,
  0x68, 0x01, 0x00, 0x00, 0x00, 0x00, 0x30, 0x03, 0x00, 0x00, 0x00, 0x00,
  0x79, 0x5b, 0x04, 0x00, 0xc2, 0x01, 0x48, 0x41, 0x4c, 0x20, 0x64, 0x65,
  0x76, 0x69, 0x63, 0x65, 0x20, 0x60, 0x5f, 0x5f, 0x64, 0x65, 0x76, 0x69,
  0x63, 0x65, 0x5f, 0x30, 0x60, 0x20, 0x6e, 0x6f, 0x74, 0x20, 0x66, 0x6f,
  0x75, 0x6e, 0x64, 0x20, 0x6f, 0x72, 0x20, 0x75, 0x6e, 0x61, 0x76, 0x61,
  0x69, 0x6c, 0x61, 0x62, 0x6c, 0x65, 0x3a, 0x20, 0x23, 0x68, 0x61, 0x6c,
  0x2e, 0x64, 0x65, 0x76, 0x69, 0x63, 0x65, 0x2e, 0x74, 0x61, 0x72, 0x67,
  0x65, 0x74, 0x3c, 0x22, 0x6c, 0x6f, 0x63, 0x61, 0x6c, 0x22, 0x2c, 0x20,
  0x5b, 0x23, 0x68, 0x61, 0x6c, 0x2e, 0x65, 0x78, 0x65, 0x63, 0x75, 0x74,
  0x61, 0x62, 0x6c, 0x65, 0x2e, 0x74, 0x61, 0x72, 0x67, 0x65, 0x74, 0x3c,
  0x22, 0x6c, 0x6c, 0x76, 0x6d, 0x2d, 0x63, 0x70, 0x75, 0x22, 0x2c, 0x20,
  0x22, 0x65, 0x6d, 0x62, 0x65, 0x64, 0x64, 0x65, 0x64, 0x2d, 0x65, 0x6c,
  0x66, 0x2d, 0x72, 0x69, 0x73, 0x63, 0x76, 0x5f, 0x36, 0x34, 0x22, 0x2c,
  0x20, 0x7b, 0x63, 0x70, 0x75, 0x20, 0x3d, 0x20, 0x22, 0x22, 0x2c, 0x20,
  0x63, 0x70, 0x75, 0x5f, 0x66, 0x65, 0x61, 0x74, 0x75, 0x72, 0x65, 0x73,
  0x20, 0x3d, 0x20, 0x22, 0x2b, 0x6d, 0x2c, 0x2b, 0x61, 0x2c, 0x2b, 0x66,
  0x2c, 0x2b, 0x64, 0x2c, 0x2b, 0x63, 0x22, 0x2c, 0x20, 0x64, 0x61, 0x74,
  0x61, 0x5f, 0x6c, 0x61, 0x79, 0x6f, 0x75, 0x74, 0x20, 0x3d, 0x20, 0x22,
  0x65, 0x2d, 0x6d, 0x3a, 0x65, 0x2d, 0x70, 0x3a, 0x36, 0x34, 0x3a, 0x36,
  0x34, 0x2d, 0x69, 0x36, 0x34, 0x3a, 0x36, 0x34, 0x2d, 0x69, 0x31, 0x32,
  0x38, 0x3a, 0x31, 0x32, 0x38, 0x2d, 0x6e, 0x33, 0x32, 0x3a, 0x36, 0x34,
  0x2d, 0x53, 0x31, 0x32, 0x38, 0x22, 0x2c, 0x20, 0x69, 0x72, 0x65, 0x65,
  0x2e, 0x65, 0x6e, 0x63, 0x6f, 0x64, 0x69, 0x6e, 0x67, 0x2e, 0x72, 0x65,
  0x73, 0x6f, 0x6c, 0x76, 0x65, 0x72, 0x20, 0x3d, 0x20, 0x23, 0x69, 0x72,
  0x65, 0x65, 0x5f, 0x63, 0x70, 0x75, 0x2e, 0x63, 0x70, 0x75, 0x5f, 0x65,
  0x6e, 0x63, 0x6f, 0x64, 0x69, 0x6e, 0x67, 0x5f, 0x72, 0x65, 0x73, 0x6f,
  0x6c, 0x76, 0x65, 0x72, 0x3c, 0x3e, 0x2c, 0x20, 0x6d, 0x61, 0x78, 0x5f,
  0x73, 0x74, 0x61, 0x63, 0x6b, 0x5f, 0x61, 0x6c, 0x6c, 0x6f, 0x63, 0x61,
  0x74, 0x69, 0x6f, 0x6e, 0x5f, 0x73, 0x69, 0x7a, 0x65, 0x20, 0x3d, 0x20,
  0x33, 0x32, 0x37, 0x36, 0x38, 0x20, 0x3a, 0x20, 0x69, 0x36, 0x34, 0x2c,
  0x20, 0x6e, 0x61, 0x74, 0x69, 0x76, 0x65, 0x5f, 0x76, 0x65, 0x63, 0x74,
  0x6f, 0x72, 0x5f, 0x73, 0x69, 0x7a, 0x65, 0x20, 0x3d, 0x20, 0x31, 0x36,
  0x20, 0x3a, 0x20, 0x69, 0x36, 0x34, 0x2c, 0x20, 0x74, 0x61, 0x72, 0x67,
  0x65, 0x74, 0x5f, 0x61, 0x62, 0x69, 0x20, 0x3d, 0x20, 0x22, 0x6c, 0x70,
  0x36, 0x34, 0x64, 0x22, 0x2c, 0x20, 0x74, 0x61, 0x72, 0x67, 0x65, 0x74,
  0x5f, 0x74, 0x72, 0x69, 0x70, 0x6c, 0x65, 0x20, 0x3d, 0x20, 0x22, 0x72,
  0x69, 0x73, 0x63, 0x76, 0x36, 0x34, 0x2d, 0x75, 0x6e, 0x6b, 0x6e, 0x6f,
  0x77, 0x6e, 0x2d, 0x75, 0x6e, 0x6b, 0x6e, 0x6f, 0x77, 0x6e, 0x2d, 0x65,
  0x61, 0x62, 0x69, 0x2d, 0x65, 0x6c, 0x66, 0x22, 0x7d, 0x3e, 0x5d, 0x3e,
  0x79, 0x11, 0x02, 0x00, 0x00, 0x00, 0x01, 0x80, 0x11, 0x03, 0x00, 0x00,
  0x00, 0x03, 0x80, 0x58, 0x09, 0x00, 0x00, 0x80, 0x03, 0x00, 0x02, 0x80,
  0x01, 0xc0, 0x03, 0x80, 0x02, 0x00, 0x00, 0x00, 0x08, 0x00, 0x52, 0x08,
  0x00, 0x04, 0x00, 0x1c, 0x00, 0x00, 0x04, 0x00, 0x05, 0x00, 0x00, 0x00,
  0x1d, 0x00, 0x00, 0x06, 0x00, 0x02, 0x00, 0x04, 0x00, 0x4e, 0x04, 0x00,
  0x06, 0x00, 0x00, 0x00, 0x09, 0x00, 0x00, 0x00, 0x00, 0x06, 0x00, 0x00,
  0x00, 0x02, 0x80, 0x57, 0x00, 0x00, 0x8a, 0x03, 0x00, 0x00, 0x00, 0x00,
  0xcc, 0x03, 0x00, 0x00, 0x00, 0x00, 0x79, 0x11, 0x04, 0x00, 0x00, 0x00,
  0x01, 0x80, 0x58, 0x0d, 0x00, 0x00, 0x80, 0x00, 0x05, 0x00, 0x02, 0xc0,
  0x02, 0x00, 0x03, 0xc0, 0x01, 0xc0, 0x00, 0xc0, 0x01, 0x00, 0x00, 0x80,
  0x09, 0x01, 0x00, 0x00, 0x00, 0x07, 0x00, 0x00, 0x00, 0x00, 0xc0, 0x58,
  0x00, 0x00, 0x00, 0x00, 0x00, 0x00, 0x01, 0x00, 0x00, 0x80, 0x09, 0x02,
  0x00, 0x00, 0x00, 0x05, 0x00, 0x00, 0x00, 0x00, 0xc0, 0x5a, 0x00, 0x00,
  0x79, 0x5b, 0x01, 0x00, 0x90, 0x00, 0x48, 0x41, 0x4c, 0x20, 0x64, 0x65,
  0x76, 0x69, 0x63, 0x65, 0x20, 0x60, 0x5f, 0x5f, 0x64, 0x65, 0x76, 0x69,
  0x63, 0x65, 0x5f, 0x30, 0x60, 0x20, 0x64, 0x6f, 0x65, 0x73, 0x20, 0x6e,
  0x6f, 0x74, 0x20, 0x73, 0x75, 0x70, 0x70, 0x6f, 0x72, 0x74, 0x20, 0x61,
  0x6e, 0x79, 0x20, 0x76, 0x61, 0x72, 0x69, 0x61, 0x6e, 0x74, 0x20, 0x6f,
  0x66, 0x20, 0x65, 0x78, 0x65, 0x63, 0x75, 0x74, 0x61, 0x62, 0x6c, 0x65,
  0x20, 0x60, 0x76, 0x61, 0x6e, 0x69, 0x6c, 0x6c, 0x61, 0x5f, 0x6d, 0x61,
  0x74, 0x6d, 0x75, 0x6c, 0x5f, 0x6c, 0x61, 0x72, 0x67, 0x65, 0x5f, 0x64,
  0x69, 0x73, 0x70, 0x61, 0x74, 0x63, 0x68, 0x5f, 0x30, 0x60, 0x3b, 0x20,
  0x61, 0x76, 0x61, 0x69, 0x6c, 0x61, 0x62, 0x6c, 0x65, 0x20, 0x66, 0x6f,
  0x72, 0x6d, 0x61, 0x74, 0x73, 0x3a, 0x20, 0x5b, 0x65, 0x6d, 0x62, 0x65,
  0x64, 0x64, 0x65, 0x64, 0x2d, 0x65, 0x6c, 0x66, 0x2d, 0x72, 0x69, 0x73,
  0x63, 0x76, 0x5f, 0x36, 0x34, 0x5d, 0x00, 0x00, 0x00, 0x00, 0x00, 0x00,
  0x0a, 0x00, 0x08, 0x00, 0x00, 0x00, 0x00, 0x00, 0x04, 0x00, 0x0e, 0x00,
  0x0c, 0x00, 0x00, 0x00, 0x00, 0x00, 0x00, 0x00, 0x00, 0x00, 0x04, 0x00,
  0x06, 0x00, 0x08, 0x00, 0x04, 0x00, 0x08, 0x00, 0x0c, 0x00, 0x04, 0x00,
  0x08, 0x00, 0x08, 0x00, 0x08, 0x00, 0x00, 0x00, 0x04, 0x00, 0x22, 0x00,
  0x30, 0x00, 0x04, 0x00, 0x00, 0x00, 0x00, 0x00, 0x00, 0x00, 0x08, 0x00,
  0x0c, 0x00, 0x10, 0x00, 0x14, 0x00, 0x18, 0x00, 0x20, 0x00, 0x00, 0x00,
  0x1c, 0x00, 0x24, 0x00, 0x28, 0x00, 0x2c, 0x00, 0x00, 0x00, 0x00, 0x00,
  0x00, 0x00, 0x00, 0x00, 0x00, 0x00, 0x00, 0x00, 0x00, 0x00, 0x00, 0x00,
  0x00, 0x00, 0x00, 0x00, 0x00, 0x00, 0x00, 0x00, 0x00, 0x00, 0x00, 0x00,
  0x00, 0x00, 0x00, 0x00, 0x00, 0x00, 0x00, 0x00, 0x00, 0x00, 0x00, 0x00,
  0x7f, 0x45, 0x4c, 0x46, 0x02, 0x01, 0x01, 0x00, 0x00, 0x00, 0x00, 0x00,
  0x00, 0x00, 0x00, 0x00, 0x03, 0x00, 0xf3, 0x00, 0x01, 0x00, 0x00, 0x00,
  0x00, 0x00, 0x00, 0x00, 0x00, 0x00, 0x00, 0x00, 0x40, 0x00, 0x00, 0x00,
  0x00, 0x00, 0x00, 0x00, 0x38, 0x53, 0x00, 0x00, 0x00, 0x00, 0x00, 0x00,
  0x05, 0x00, 0x00, 0x00, 0x40, 0x00, 0x38, 0x00, 0x08, 0x00, 0x40, 0x00,
  0x16, 0x00, 0x14, 0x00, 0x06, 0x00, 0x00, 0x00, 0x04, 0x00, 0x00, 0x00,
  0x40, 0x00, 0x00, 0x00, 0x00, 0x00, 0x00, 0x00, 0x40, 0x00, 0x00, 0x00,
  0x00, 0x00, 0x00, 0x00, 0x40, 0x00, 0x00, 0x00, 0x00, 0x00, 0x00, 0x00,
  0xc0, 0x01, 0x00, 0x00, 0x00, 0x00, 0x00, 0x00, 0xc0, 0x01, 0x00, 0x00,
  0x00, 0x00, 0x00, 0x00, 0x08, 0x00, 0x00, 0x00, 0x00, 0x00, 0x00, 0x00,
  0x01, 0x00, 0x00, 0x00, 0x04, 0x00, 0x00, 0x00, 0x00, 0x00, 0x00, 0x00,
  0x00, 0x00, 0x00, 0x00, 0x00, 0x00, 0x00, 0x00, 0x00, 0x00, 0x00, 0x00,
  0x00, 0x00, 0x00, 0x00, 0x00, 0x00, 0x00, 0x00, 0x58, 0x05, 0x00, 0x00,
  0x00, 0x00, 0x00, 0x00, 0x58, 0x05, 0x00, 0x00, 0x00, 0x00, 0x00, 0x00,
  0x00, 0x10, 0x00, 0x00, 0x00, 0x00, 0x00, 0x00, 0x01, 0x00, 0x00, 0x00,
  0x05, 0x00, 0x00, 0x00, 0x58, 0x05, 0x00, 0x00, 0x00, 0x00, 0x00, 0x00,
  0x58, 0x15, 0x00, 0x00, 0x00, 0x00, 0x00, 0x00, 0x58, 0x15, 0x00, 0x00,
  0x00, 0x00, 0x00, 0x00, 0xe2, 0x48, 0x00, 0x00, 0x00, 0x00, 0x00, 0x00,
  0xe2, 0x48, 0x00, 0x00, 0x00, 0x00, 0x00, 0x00, 0x00, 0x10, 0x00, 0x00,
  0x00, 0x00, 0x00, 0x00, 0x01, 0x00, 0x00, 0x00, 0x06, 0x00, 0x00, 0x00,
  0x40, 0x4e, 0x00, 0x00, 0x00, 0x00, 0x00, 0x00, 0x40, 0x6e, 0x00, 0x00,
  0x00, 0x00, 0x00, 0x00, 0x40, 0x6e, 0x00, 0x00, 0x00, 0x00, 0x00, 0x00,
  0xa0, 0x01, 0x00, 0x00, 0x00, 0x00, 0x00, 0x00, 0xc0, 0x01, 0x00, 0x00,
  0x00, 0x00, 0x00, 0x00, 0x00, 0x10, 0x00, 0x00, 0x00, 0x00, 0x00, 0x00,
  0x02, 0x00, 0x00, 0x00, 0x06, 0x00, 0x00, 0x00, 0x20, 0x4f, 0x00, 0x00,
  0x00, 0x00, 0x00, 0x00, 0x20, 0x6f, 0x00, 0x00, 0x00, 0x00, 0x00, 0x00,
  0x20, 0x6f, 0x00, 0x00, 0x00, 0x00, 0x00, 0x00, 0xc0, 0x00, 0x00, 0x00,
  0x00, 0x00, 0x00, 0x00, 0xc0, 0x00, 0x00, 0x00, 0x00, 0x00, 0x00, 0x00,
  0x08, 0x00, 0x00, 0x00, 0x00, 0x00, 0x00, 0x00, 0x52, 0xe5, 0x74, 0x64,
  0x04, 0x00, 0x00, 0x00, 0x40, 0x4e, 0x00, 0x00, 0x00, 0x00, 0x00, 0x00,
  0x40, 0x6e, 0x00, 0x00, 0x00, 0x00, 0x00, 0x00, 0x40, 0x6e, 0x00, 0x00,
  0x00, 0x00, 0x00, 0x00, 0xa0, 0x01, 0x00, 0x00, 0x00, 0x00, 0x00, 0x00,
  0xc0, 0x01, 0x00, 0x00, 0x00, 0x00, 0x00, 0x00, 0x01, 0x00, 0x00, 0x00,
  0x00, 0x00, 0x00, 0x00, 0x51, 0xe5, 0x74, 0x64, 0x06, 0x00, 0x00, 0x00,
  0x00, 0x00, 0x00, 0x00, 0x00, 0x00, 0x00, 0x00, 0x00, 0x00, 0x00, 0x00,
  0x00, 0x00, 0x00, 0x00, 0x00, 0x00, 0x00, 0x00, 0x00, 0x00, 0x00, 0x00,
  0x00, 0x00, 0x00, 0x00, 0x00, 0x00, 0x00, 0x00, 0x00, 0x00, 0x00, 0x00,
  0x00, 0x00, 0x00, 0x00, 0x00, 0x00, 0x00, 0x00, 0x00, 0x00, 0x00, 0x00,
  0x03, 0x00, 0x00, 0x70, 0x04, 0x00, 0x00, 0x00, 0x17, 0x51, 0x00, 0x00,
  0x00, 0x00, 0x00, 0x00, 0x00, 0x00, 0x00, 0x00, 0x00, 0x00, 0x00, 0x00,
  0x00, 0x00, 0x00, 0x00, 0x00, 0x00, 0x00, 0x00, 0x68, 0x00, 0x00, 0x00,
  0x00, 0x00, 0x00, 0x00, 0x68, 0x00, 0x00, 0x00, 0x00, 0x00, 0x00, 0x00,
  0x01, 0x00, 0x00, 0x00, 0x00, 0x00, 0x00, 0x00, 0x00, 0x00, 0x00, 0x00,
  0x00, 0x00, 0x00, 0x00, 0x00, 0x00, 0x00, 0x00, 0x00, 0x00, 0x00, 0x00,
  0x00, 0x00, 0x00, 0x00, 0x00, 0x00, 0x00, 0x00, 0x01, 0x00, 0x00, 0x00,
  0x12, 0x00, 0x07, 0x00, 0x26, 0x5e, 0x00, 0x00, 0x00, 0x00, 0x00, 0x00,
  0x14, 0x00, 0x00, 0x00, 0x00, 0x00, 0x00, 0x00, 0x02, 0x00, 0x00, 0x00,
  0x02, 0x00, 0x00, 0x00, 0x00, 0x00, 0x00, 0x00, 0x01, 0x00, 0x00, 0x00,
  0x00, 0x00, 0x00, 0x00, 0x00, 0x00, 0x00, 0x00, 0x00, 0x69, 0x72, 0x65,
  0x65, 0x5f, 0x68, 0x61, 0x6c, 0x5f, 0x65, 0x78, 0x65, 0x63, 0x75, 0x74,
  0x61, 0x62, 0x6c, 0x65, 0x5f, 0x6c, 0x69, 0x62, 0x72, 0x61, 0x72, 0x79,
  0x5f, 0x71, 0x75, 0x65, 0x72, 0x79, 0x00, 0x00, 0x00, 0x00, 0x00, 0x00,
  0x48, 0x6e, 0x00, 0x00, 0x00, 0x00, 0x00, 0x00, 0x03, 0x00, 0x00, 0x00,
  0x00, 0x00, 0x00, 0x00, 0x90, 0x03, 0x00, 0x00, 0x00, 0x00, 0x00, 0x00,
  0x58, 0x6e, 0x00, 0x00, 0x00, 0x00, 0x00, 0x00, 0x03, 0x00, 0x00, 0x00,
  0x00, 0x00, 0x00, 0x00, 0x58, 0x15, 0x00, 0x00, 0x00, 0x00, 0x00, 0x00,
  0x60, 0x6e, 0x00, 0x00, 0x00, 0x00, 0x00, 0x00, 0x03, 0x00, 0x00, 0x00,
  0x00, 0x00, 0x00, 0x00, 0xf0, 0x03, 0x00, 0x00, 0x00, 0x00, 0x00, 0x00,
  0x70, 0x6e, 0x00, 0x00, 0x00, 0x00, 0x00, 0x00, 0x03, 0x00, 0x00, 0x00,
  0x00, 0x00, 0x00, 0x00, 0x2d, 0x04, 0x00, 0x00, 0x00, 0x00, 0x00, 0x00,
  0x88, 0x6e, 0x00, 0x00, 0x00, 0x00, 0x00, 0x00, 0x03, 0x00, 0x00, 0x00,
  0x00, 0x00, 0x00, 0x00, 0xe0, 0x04, 0x00, 0x00, 0x00, 0x00, 0x00, 0x00,
  0x90, 0x6e, 0x00, 0x00, 0x00, 0x00, 0x00, 0x00, 0x03, 0x00, 0x00, 0x00,
  0x00, 0x00, 0x00, 0x00, 0xe0, 0x04, 0x00, 0x00, 0x00, 0x00, 0x00, 0x00,
  0xa0, 0x6e, 0x00, 0x00, 0x00, 0x00, 0x00, 0x00, 0x03, 0x00, 0x00, 0x00,
  0x00, 0x00, 0x00, 0x00, 0x40, 0x6e, 0x00, 0x00, 0x00, 0x00, 0x00, 0x00,
  0xc0, 0x6e, 0x00, 0x00, 0x00, 0x00, 0x00, 0x00, 0x03, 0x00, 0x00, 0x00,
  0x00, 0x00, 0x00, 0x00, 0x58, 0x6e, 0x00, 0x00, 0x00, 0x00, 0x00, 0x00,
  0xc8, 0x6e, 0x00, 0x00, 0x00, 0x00, 0x00, 0x00, 0x03, 0x00, 0x00, 0x00,
  0x00, 0x00, 0x00, 0x00, 0xb0, 0x03, 0x00, 0x00, 0x00, 0x00, 0x00, 0x00,
  0xe0, 0x6e, 0x00, 0x00, 0x00, 0x00, 0x00, 0x00, 0x03, 0x00, 0x00, 0x00,
  0x00, 0x00, 0x00, 0x00, 0x60, 0x6e, 0x00, 0x00, 0x00, 0x00, 0x00, 0x00,
  0xf8, 0x6e, 0x00, 0x00, 0x00, 0x00, 0x00, 0x00, 0x03, 0x00, 0x00, 0x00,
  0x00, 0x00, 0x00, 0x00, 0x68, 0x6e, 0x00, 0x00, 0x00, 0x00, 0x00, 0x00,
  0x00, 0x6f, 0x00, 0x00, 0x00, 0x00, 0x00, 0x00, 0x03, 0x00, 0x00, 0x00,
  0x00, 0x00, 0x00, 0x00, 0x80, 0x6e, 0x00, 0x00, 0x00, 0x00, 0x00, 0x00,
  0x76, 0x61, 0x6e, 0x69, 0x6c, 0x6c, 0x61, 0x5f, 0x6d, 0x61, 0x74, 0x6d,
  0x75, 0x6c, 0x5f, 0x6c, 0x61, 0x72, 0x67, 0x65, 0x5f, 0x64, 0x69, 0x73,
  0x70, 0x61, 0x74, 0x63, 0x68, 0x5f, 0x30, 0x00, 0x00, 0x00, 0x00, 0x00,
  0x00, 0x00, 0x00, 0x00, 0x00, 0x00, 0x00, 0x03, 0x01, 0x00, 0x00, 0x00,
  0x01, 0x00, 0x00, 0x00, 0x01, 0x00, 0x00, 0x00, 0x00, 0x00, 0x00, 0x00,
  0x00, 0x00, 0x00, 0x00, 0x00, 0x00, 0x00, 0x00, 0x00, 0x00, 0x00, 0x00,
  0x00, 0x00, 0x00, 0x00, 0x00, 0x00, 0x00, 0x00, 0x00, 0x00, 0x00, 0x00,
  0x00, 0x00, 0x00, 0x00, 0x00, 0x00, 0x00, 0x00, 0x00, 0x00, 0x00, 0x00,
  0x76, 0x61, 0x6e, 0x69, 0x6c, 0x6c, 0x61, 0x5f, 0x6d, 0x61, 0x74, 0x6d,
  0x75, 0x6c, 0x5f, 0x6c, 0x61, 0x72, 0x67, 0x65, 0x5f, 0x64, 0x69, 0x73,
  0x70, 0x61, 0x74, 0x63, 0x68, 0x5f, 0x30, 0x5f, 0x6d, 0x61, 0x74, 0x6d,
  0x75, 0x6c, 0x5f, 0x31, 0x32, 0x38, 0x78, 0x31, 0x32, 0x38, 0x78, 0x31,
  0x32, 0x38, 0x5f, 0x69, 0x38, 0x78, 0x69, 0x38, 0x78, 0x69, 0x33, 0x32,
  0x00, 0x2f, 0x73, 0x63, 0x72, 0x61, 0x74, 0x63, 0x68, 0x32, 0x2f, 0x64,
  0x69, 0x6d, 0x61, 0x2f, 0x6d, 0x69, 0x73, 0x63, 0x5f, 0x73, 0x77, 0x2f,
  0x46, 0x72, 0x65, 0x73, 0x68, 0x53, 0x63, 0x68, 0x65, 0x64, 0x75, 0x6c,
  0x65, 0x72, 0x2f, 0x7a, 0x65, 0x70, 0x68, 0x79, 0x72, 0x2d, 0x63, 0x68,
  0x69, 0x70, 0x79, 0x61, 0x72, 0x64, 0x2d, 0x73, 0x77, 0x2f, 0x73, 0x61,
  0x6d, 0x70, 0x6c, 0x65, 0x73, 0x2f, 0x69, 0x72, 0x65, 0x65, 0x2f, 0x73,
  0x69, 0x6d, 0x70, 0x6c, 0x65, 0x5f, 0x65, 0x6d, 0x62, 0x65, 0x64, 0x64,
  0x69, 0x6e, 0x67, 0x2f, 0x2e, 0x2e, 0x2f, 0x2e, 0x2e, 0x2f, 0x2e, 0x2e,
  0x2f, 0x2e, 0x2e, 0x2f, 0x6d, 0x65, 0x72, 0x6c, 0x69, 0x6e, 0x2f, 0x74,
  0x68, 0x69, 0x72, 0x64, 0x5f, 0x70, 0x61, 0x72, 0x74, 0x79, 0x2f, 0x69,
  0x72, 0x65, 0x65, 0x5f, 0x62, 0x61, 0x72, 0x2f, 0x73, 0x61, 0x6d, 0x70,
  0x6c, 0x65, 0x73, 0x2f, 0x73, 0x69, 0x6d, 0x70, 0x6c, 0x65, 0x5f, 0x65,
  0x6d, 0x62, 0x65, 0x64, 0x64, 0x69, 0x6e, 0x67, 0x2f, 0x73, 0x69, 0x6d,
  0x70, 0x6c, 0x65, 0x5f, 0x65, 0x6d, 0x62, 0x65, 0x64, 0x64, 0x69, 0x6e,
  0x67, 0x5f, 0x74, 0x65, 0x73, 0x74, 0x2e, 0x6d, 0x6c, 0x69, 0x72, 0x00,
  0x10, 0x00, 0x00, 0x00, 0x00, 0x00, 0x00, 0x00, 0x01, 0x7a, 0x52, 0x00,
  0x01, 0x78, 0x01, 0x01, 0x1b, 0x0c, 0x02, 0x00, 0x48, 0x00, 0x00, 0x00,
  0x18, 0x00, 0x00, 0x00, 0x5c, 0x10, 0x00, 0x00, 0xce, 0x48, 0x00, 0x00,
  0x00, 0x42, 0x0e, 0xf0, 0x03, 0x5a, 0x81, 0x01, 0x88, 0x02, 0x89, 0x03,
  0x92, 0x04, 0x93, 0x05, 0x94, 0x06, 0x95, 0x07, 0x96, 0x08, 0x97, 0x09,
  0x98, 0x0a, 0x99, 0x0b, 0x9a, 0x0c, 0x9b, 0x0d, 0x42, 0x0c, 0x08, 0x00,
  0x03, 0x92, 0x48, 0x0c, 0x02, 0xf0, 0x03, 0x5a, 0xc1, 0xc8, 0xc9, 0xd2,
  0xd3, 0xd4, 0xd5, 0xd6, 0xd7, 0xd8, 0xd9, 0xda, 0xdb, 0x42, 0x0e, 0x00,
  0x10, 0x00, 0x00, 0x00, 0x64, 0x00, 0x00, 0x00, 0xde, 0x58, 0x00, 0x00,
  0x14, 0x00, 0x00, 0x00, 0x00, 0x00, 0x00, 0x00, 0x00, 0x00, 0x00, 0x00,
  0x41, 0x71, 0x86, 0xf7, 0xa2, 0xf3, 0xa6, 0xef, 0xca, 0xeb, 0xce, 0xe7,
  0xd2, 0xe3, 0x56, 0xff, 0x5a, 0xfb, 0x5e, 0xf7, 0x62, 0xf3, 0x66, 0xef,
  0x6a, 0xeb, 0x6e, 0xe7, 0x80, 0x1b, 0x13, 0x01, 0x01, 0x80, 0x13, 0x01,
  0x01, 0x8e, 0x81, 0x46, 0x88, 0x71, 0x83, 0x65, 0x06, 0x00, 0x11, 0x66,
  0x18, 0x61, 0x04, 0x65, 0x08, 0x69, 0x85, 0x67, 0xb3, 0x07, 0xf4, 0x40,
  0x23, 0xb4, 0xa7, 0xf0, 0x13, 0x95, 0x35, 0x00, 0x93, 0x97, 0xf5, 0x03,
  0x85, 0x81, 0x41, 0x99, 0x05, 0x68, 0x33, 0x08, 0x04, 0x41, 0x23, 0x30,
  0xa8, 0xf0, 0xe5, 0x93, 0xae, 0x05, 0x05, 0x65, 0x33, 0x05, 0xa4, 0x40,
  0x23, 0x30, 0xf5, 0xf2, 0x3e, 0x96, 0xba, 0x95, 0x05, 0x65, 0x33, 0x05,
  0xa4, 0x40, 0x23, 0x34, 0x95, 0xf2, 0x26, 0x96, 0x05, 0x65, 0x33, 0x05,
  0xa4, 0x40, 0x23, 0x3c, 0xc5, 0xf0, 0x13, 0x85, 0x05, 0x20, 0x85, 0x65,
  0xb3, 0x05, 0xb4, 0x40, 0x23, 0xbc, 0xa5, 0xee, 0x85, 0x45, 0x05, 0x65,
  0x33, 0x05, 0xa4, 0x40, 0x23, 0x38, 0xb5, 0xf0, 0x01, 0x45, 0x85, 0x65,
  0xb3, 0x05, 0xb4, 0x40, 0x83, 0xb5, 0x05, 0xf0, 0xd5, 0x8d, 0x9e, 0x06,
  0xa6, 0x05, 0x05, 0x66, 0x33, 0x06, 0xc4, 0x40, 0x03, 0x36, 0x86, 0xef,
  0x36, 0x96, 0x85, 0x66, 0xb3, 0x06, 0xd4, 0x40, 0x23, 0xb0, 0xc6, 0xf4,
  0x05, 0x66, 0x33, 0x06, 0xc4, 0x40, 0x03, 0x36, 0x86, 0xf0, 0xb2, 0x95,
  0x05, 0x66, 0x33, 0x06, 0xc4, 0x40, 0x23, 0x3c, 0xb6, 0xf2, 0x93, 0x85,
  0xf5, 0x7f, 0x05, 0x66, 0x33, 0x06, 0xc4, 0x40, 0x23, 0x38, 0xb6, 0xf2,
  0x85, 0x45, 0x05, 0x66, 0x33, 0x06, 0xc4, 0x40, 0x23, 0x38, 0xb6, 0xf4,
  0x23, 0x34, 0x04, 0x8a, 0x23, 0x30, 0x04, 0x8a, 0x23, 0x3c, 0x04, 0x88,
  0x23, 0x38, 0x04, 0x88, 0x23, 0x34, 0x04, 0x82, 0x23, 0x30, 0x04, 0x82,
  0x85, 0x65, 0xb3, 0x05, 0xb4, 0x40, 0x23, 0xbc, 0x05, 0x7e, 0x85, 0x65,
  0xb3, 0x05, 0xb4, 0x40, 0x23, 0xb8, 0x05, 0x7e, 0x85, 0x65, 0xb3, 0x05,
  0xb4, 0x40, 0x23, 0xb4, 0x05, 0x7a, 0x85, 0x65, 0xb3, 0x05, 0xb4, 0x40,
  0x23, 0xb0, 0x05, 0x7a, 0x85, 0x65, 0xb3, 0x05, 0xb4, 0x40, 0x23, 0xbc,
  0x05, 0x76, 0x85, 0x65, 0xb3, 0x05, 0xb4, 0x40, 0x23, 0xb8, 0x05, 0x76,
  0x85, 0x65, 0xb3, 0x05, 0xb4, 0x40, 0x23, 0xb4, 0x05, 0x76, 0x85, 0x65,
  0xb3, 0x05, 0xb4, 0x40, 0x23, 0xb0, 0x05, 0x76, 0x85, 0x65, 0xb3, 0x05,
  0xb4, 0x40, 0x23, 0xbc, 0x05, 0x74, 0x85, 0x65, 0xb3, 0x05, 0xb4, 0x40,
  0x23, 0xb8, 0x05, 0x74, 0x85, 0x65, 0xb3, 0x05, 0xb4, 0x40, 0x23, 0xb4,
  0x05, 0x74, 0x85, 0x65, 0xb3, 0x05, 0xb4, 0x40, 0x23, 0xb0, 0x05, 0x74,
  0x85, 0x65, 0xb3, 0x05, 0xb4, 0x40, 0x23, 0xbc, 0x05, 0x72, 0x85, 0x65,
  0xb3, 0x05, 0xb4, 0x40, 0x23, 0xb8, 0x05, 0x72, 0x85, 0x65, 0xb3, 0x05,
  0xb4, 0x40, 0x23, 0xb4, 0x05, 0x72, 0x85, 0x65, 0xb3, 0x05, 0xb4, 0x40,
  0x23, 0xb0, 0x05, 0x72, 0x85, 0x65, 0xb3, 0x05, 0xb4, 0x40, 0x23, 0xbc,
  0x05, 0x70, 0x85, 0x65, 0xb3, 0x05, 0xb4, 0x40, 0x23, 0xb8, 0x05, 0x70,
  0x85, 0x65, 0xb3, 0x05, 0xb4, 0x40, 0x23, 0xb4, 0x05, 0x70, 0x85, 0x65,
  0xb3, 0x05, 0xb4, 0x40, 0x23, 0xb0, 0x05, 0x70, 0x85, 0x65, 0xb3, 0x05,
  0xb4, 0x40, 0x23, 0xbc, 0x05, 0x6e, 0x85, 0x65, 0xb3, 0x05, 0xb4, 0x40,
  0x23, 0xb8, 0x05, 0x6e, 0x85, 0x65, 0xb3, 0x05, 0xb4, 0x40, 0x23, 0xb8,
  0x05, 0x6c, 0x85, 0x65, 0xb3, 0x05, 0xb4, 0x40, 0x23, 0xb4, 0x05, 0x6e,
  0x85, 0x65, 0xb3, 0x05, 0xb4, 0x40, 0x23, 0xb0, 0x05, 0x6e, 0x85, 0x65,
  0xb3, 0x05, 0xb4, 0x40, 0x23, 0xbc, 0x05, 0x6c, 0x85, 0x65, 0xb3, 0x05,
  0xb4, 0x40, 0x23, 0xbc, 0x05, 0x78, 0x85, 0x65, 0xb3, 0x05, 0xb4, 0x40,
  0x23, 0xb8, 0x05, 0x78, 0x85, 0x65, 0xb3, 0x05, 0xb4, 0x40, 0x23, 0xb4,
  0x05, 0x78, 0x85, 0x65, 0xb3, 0x05, 0xb4, 0x40, 0x23, 0xb0, 0x05, 0x78,
  0x85, 0x65, 0xb3, 0x05, 0xb4, 0x40, 0x23, 0xb4, 0x05, 0x7c, 0x85, 0x65,
  0xb3, 0x05, 0xb4, 0x40, 0x23, 0xb0, 0x05, 0x7c, 0x85, 0x65, 0xb3, 0x05,
  0xb4, 0x40, 0x23, 0xbc, 0x05, 0x7a, 0x85, 0x65, 0xb3, 0x05, 0xb4, 0x40,
  0x23, 0xb8, 0x05, 0x7a, 0x85, 0x65, 0xb3, 0x05, 0xb4, 0x40, 0x23, 0xb4,
  0x05, 0x7e, 0x85, 0x65, 0xb3, 0x05, 0xb4, 0x40, 0x23, 0xb0, 0x05, 0x7e,
  0x85, 0x65, 0xb3, 0x05, 0xb4, 0x40, 0x23, 0xbc, 0x05, 0x7c, 0x85, 0x65,
  0xb3, 0x05, 0xb4, 0x40, 0x23, 0xb8, 0x05, 0x7c, 0x23, 0x3c, 0x04, 0x80,
  0x23, 0x38, 0x04, 0x80, 0x23, 0x34, 0x04, 0x80, 0x23, 0x30, 0x04, 0x80,
  0x23, 0x34, 0x04, 0x84, 0x23, 0x30, 0x04, 0x84, 0x23, 0x3c, 0x04, 0x82,
  0x23, 0x38, 0x04, 0x82, 0x23, 0x34, 0x04, 0x86, 0x23, 0x30, 0x04, 0x86,
  0x23, 0x3c, 0x04, 0x84, 0x23, 0x38, 0x04, 0x84, 0x23, 0x34, 0x04, 0x88,
  0x23, 0x30, 0x04, 0x88, 0x23, 0x3c, 0x04, 0x86, 0x23, 0x38, 0x04, 0x86,
  0x23, 0x34, 0x04, 0x8c, 0x23, 0x30, 0x04, 0x8c, 0x23, 0x3c, 0x04, 0x8a,
  0x23, 0x38, 0x04, 0x8a, 0x23, 0x34, 0x04, 0x8e, 0x23, 0x30, 0x04, 0x8e,
  0x23, 0x3c, 0x04, 0x8c, 0x23, 0x38, 0x04, 0x8c, 0x23, 0x34, 0x04, 0x90,
  0x23, 0x30, 0x04, 0x90, 0x23, 0x3c, 0x04, 0x8e, 0x23, 0x38, 0x04, 0x8e,
  0x23, 0x34, 0x04, 0x92, 0x23, 0x30, 0x04, 0x92, 0x23, 0x3c, 0x04, 0x90,
  0x23, 0x38, 0x04, 0x90, 0x23, 0x34, 0x04, 0x94, 0x23, 0x30, 0x04, 0x94,
  0x23, 0x3c, 0x04, 0x92, 0x23, 0x38, 0x04, 0x92, 0x23, 0x34, 0x04, 0x96,
  0x23, 0x30, 0x04, 0x96, 0x23, 0x3c, 0x04, 0x94, 0x23, 0x38, 0x04, 0x94,
  0x23, 0x34, 0x04, 0x98, 0x23, 0x30, 0x04, 0x98, 0x23, 0x3c, 0x04, 0x96,
  0x23, 0x38, 0x04, 0x96, 0x23, 0x34, 0x04, 0x9a, 0x23, 0x30, 0x04, 0x9a,
  0x23, 0x3c, 0x04, 0x98, 0x23, 0x38, 0x04, 0x98, 0x23, 0x34, 0x04, 0x9c,
  0x23, 0x30, 0x04, 0x9c, 0x23, 0x3c, 0x04, 0x9a, 0x23, 0x38, 0x04, 0x9a,
  0x23, 0x34, 0x04, 0x9e, 0x23, 0x30, 0x04, 0x9e, 0x23, 0x3c, 0x04, 0x9c,
  0x23, 0x38, 0x04, 0x9c, 0x23, 0x34, 0x04, 0xa0, 0x23, 0x30, 0x04, 0xa0,
  0x23, 0x3c, 0x04, 0x9e, 0x23, 0x38, 0x04, 0x9e, 0x23, 0x34, 0x04, 0xa2,
  0x23, 0x30, 0x04, 0xa2, 0x23, 0x3c, 0x04, 0xa0, 0x23, 0x38, 0x04, 0xa0,
  0x23, 0x34, 0x04, 0xa4, 0x23, 0x30, 0x04, 0xa4, 0x23, 0x3c, 0x04, 0xa2,
  0x23, 0x38, 0x04, 0xa2, 0x23, 0x34, 0x04, 0xa6, 0x23, 0x30, 0x04, 0xa6,
  0x23, 0x3c, 0x04, 0xa4, 0x23, 0x38, 0x04, 0xa4, 0x23, 0x34, 0x04, 0xa8,
  0x23, 0x30, 0x04, 0xa8, 0x23, 0x3c, 0x04, 0xa6, 0x23, 0x38, 0x04, 0xa6,
  0x23, 0x34, 0x04, 0xaa, 0x23, 0x30, 0x04, 0xaa, 0x23, 0x3c, 0x04, 0xa8,
  0x23, 0x38, 0x04, 0xa8, 0x23, 0x34, 0x04, 0xac, 0x23, 0x30, 0x04, 0xac,
  0x23, 0x3c, 0x04, 0xaa, 0x23, 0x38, 0x04, 0xaa, 0x23, 0x34, 0x04, 0xec,
  0x23, 0x30, 0x04, 0xec, 0x23, 0x3c, 0x04, 0xea, 0x23, 0x38, 0x04, 0xea,
  0x23, 0x34, 0x04, 0xea, 0x23, 0x30, 0x04, 0xea, 0x23, 0x3c, 0x04, 0xe8,
  0x23, 0x38, 0x04, 0xe8, 0x23, 0x34, 0x04, 0xe8, 0x23, 0x30, 0x04, 0xe8,
  0x23, 0x3c, 0x04, 0xe6, 0x23, 0x38, 0x04, 0xe6, 0x23, 0x34, 0x04, 0xe6,
  0x23, 0x30, 0x04, 0xe6, 0x23, 0x3c, 0x04, 0xe4, 0x23, 0x38, 0x04, 0xe4,
  0x23, 0x34, 0x04, 0xe4, 0x23, 0x30, 0x04, 0xe4, 0x23, 0x3c, 0x04, 0xe2,
  0x23, 0x38, 0x04, 0xe2, 0x23, 0x34, 0x04, 0xe2, 0x23, 0x30, 0x04, 0xe2,
  0x23, 0x3c, 0x04, 0xe0, 0x23, 0x38, 0x04, 0xe0, 0x23, 0x34, 0x04, 0xe0,
  0x23, 0x30, 0x04, 0xe0, 0x23, 0x3c, 0x04, 0xde, 0x23, 0x38, 0x04, 0xde,
  0x23, 0x34, 0x04, 0xde, 0x23, 0x30, 0x04, 0xde, 0x23, 0x3c, 0x04, 0xdc,
  0x23, 0x38, 0x04, 0xdc, 0x23, 0x34, 0x04, 0xdc, 0x23, 0x30, 0x04, 0xdc,
  0x23, 0x3c, 0x04, 0xda, 0x23, 0x38, 0x04, 0xda, 0x23, 0x34, 0x04, 0xda,
  0x23, 0x30, 0x04, 0xda, 0x23, 0x3c, 0x04, 0xd8, 0x23, 0x38, 0x04, 0xd8,
  0x23, 0x34, 0x04, 0xd8, 0x23, 0x30, 0x04, 0xd8, 0x23, 0x3c, 0x04, 0xd6,
  0x23, 0x38, 0x04, 0xd6, 0x23, 0x34, 0x04, 0xd6, 0x23, 0x30, 0x04, 0xd6,
  0x23, 0x3c, 0x04, 0xd4, 0x23, 0x38, 0x04, 0xd4, 0x23, 0x34, 0x04, 0xd4,
  0x23, 0x30, 0x04, 0xd4, 0x23, 0x3c, 0x04, 0xd2, 0x23, 0x38, 0x04, 0xd2,
  0x23, 0x34, 0x04, 0xd2, 0x23, 0x30, 0x04, 0xd2, 0x23, 0x3c, 0x04, 0xd0,
  0x23, 0x38, 0x04, 0xd0, 0x23, 0x34, 0x04, 0xd0, 0x23, 0x30, 0x04, 0xd0,
  0x23, 0x3c, 0x04, 0xce, 0x23, 0x38, 0x04, 0xce, 0x23, 0x34, 0x04, 0xce,
  0x23, 0x30, 0x04, 0xce, 0x23, 0x3c, 0x04, 0xcc, 0x23, 0x38, 0x04, 0xcc,
  0x23, 0x34, 0x04, 0xcc, 0x23, 0x30, 0x04, 0xcc, 0x23, 0x3c, 0x04, 0xca,
  0x23, 0x38, 0x04, 0xca, 0x23, 0x34, 0x04, 0xca, 0x23, 0x30, 0x04, 0xca,
  0x23, 0x3c, 0x04, 0xc8, 0x23, 0x38, 0x04, 0xc8, 0x23, 0x34, 0x04, 0xc8,
  0x23, 0x30, 0x04, 0xc8, 0x23, 0x3c, 0x04, 0xc6, 0x23, 0x38, 0x04, 0xc6,
  0x23, 0x34, 0x04, 0xc6, 0x23, 0x30, 0x04, 0xc6, 0x23, 0x3c, 0x04, 0xc4,
  0x23, 0x38, 0x04, 0xc4, 0x23, 0x34, 0x04, 0xc4, 0x23, 0x30, 0x04, 0xc4,
  0x23, 0x3c, 0x04, 0xc2, 0x23, 0x38, 0x04, 0xc2, 0x23, 0x34, 0x04, 0xc2,
  0x23, 0x30, 0x04, 0xc2, 0x23, 0x3c, 0x04, 0xc0, 0x23, 0x38, 0x04, 0xc0,
  0x23, 0x34, 0x04, 0xc0, 0x23, 0x30, 0x04, 0xc0, 0x23, 0x3c, 0x04, 0xbe,
  0x23, 0x38, 0x04, 0xbe, 0x23, 0x34, 0x04, 0xbe, 0x23, 0x30, 0x04, 0xbe,
  0x23, 0x3c, 0x04, 0xbc, 0x23, 0x38, 0x04, 0xbc, 0x23, 0x34, 0x04, 0xbc,
  0x23, 0x30, 0x04, 0xbc, 0x23, 0x3c, 0x04, 0xba, 0x23, 0x38, 0x04, 0xba,
  0x23, 0x34, 0x04, 0xba, 0x23, 0x30, 0x04, 0xba, 0x23, 0x3c, 0x04, 0xb8,
  0x23, 0x38, 0x04, 0xb8, 0x23, 0x34, 0x04, 0xb8, 0x23, 0x30, 0x04, 0xb8,
  0x23, 0x3c, 0x04, 0xb6, 0x23, 0x38, 0x04, 0xb6, 0x23, 0x34, 0x04, 0xb6,
  0x23, 0x30, 0x04, 0xb6, 0x23, 0x3c, 0x04, 0xb4, 0x23, 0x38, 0x04, 0xb4,
  0x23, 0x34, 0x04, 0xb4, 0x23, 0x30, 0x04, 0xb4, 0x23, 0x3c, 0x04, 0xb2,
  0x23, 0x38, 0x04, 0xb2, 0x23, 0x34, 0x04, 0xb2, 0x23, 0x30, 0x04, 0xb2,
  0x23, 0x3c, 0x04, 0xb0, 0x23, 0x38, 0x04, 0xb0, 0x23, 0x34, 0x04, 0xb0,
  0x23, 0x30, 0x04, 0xb0, 0x23, 0x3c, 0x04, 0xae, 0x23, 0x38, 0x04, 0xae,
  0x23, 0x34, 0x04, 0xae, 0x85, 0x65, 0xb3, 0x05, 0xb4, 0x40, 0x83, 0xb5,
  0x05, 0xf2, 0x33, 0x66, 0xb5, 0x00, 0x23, 0x30, 0x04, 0xae, 0x23, 0x3c,
  0x04, 0xac, 0x85, 0x65, 0xb3, 0x05, 0xb4, 0x40, 0x83, 0xb5, 0x85, 0xf1,
  0x2e, 0x95, 0x85, 0x65, 0xb3, 0x05, 0xb4, 0x40, 0x23, 0xbc, 0xa5, 0xf4,
  0x05, 0x65, 0x33, 0x05, 0xa4, 0x40, 0x83, 0x35, 0x05, 0xf4, 0x05, 0x65,
  0x33, 0x05, 0xa4, 0x40, 0x83, 0x3d, 0x85, 0xf2, 0x05, 0x65, 0x33, 0x05,
  0xa4, 0x40, 0x23, 0x34, 0xc5, 0xf4, 0x6e, 0x96, 0x23, 0x38, 0x04, 0xac,
  0x23, 0x34, 0xb4, 0xf8, 0x83, 0x8d, 0x05, 0xe0, 0x83, 0x05, 0x06, 0x00,
  0x23, 0x3c, 0xb4, 0xf4, 0x83, 0x05, 0x16, 0x00, 0x23, 0x38, 0xb4, 0xf0,
  0x83, 0x05, 0x26, 0x00, 0x23, 0x34, 0xb4, 0xf0, 0x83, 0x05, 0x36, 0x00,
  0x23, 0x30, 0xb4, 0xf0, 0x83, 0x05, 0x46, 0x00, 0x23, 0x3c, 0xb4, 0xee,
  0x83, 0x05, 0x56, 0x00, 0x23, 0x38, 0xb4, 0xee, 0x83, 0x05, 0x66, 0x00,
  0x23, 0x34, 0xb4, 0xee, 0x83, 0x05, 0x76, 0x00, 0x05, 0x65, 0x33, 0x05,
  0xa4, 0x40, 0x23, 0x34, 0xb5, 0x68, 0x83, 0x05, 0x86, 0x00, 0x23, 0x30,
  0xb4, 0xee, 0x83, 0x0c, 0x96, 0x00, 0x83, 0x09, 0xa6, 0x00, 0x03, 0x0a,
  0xb6, 0x00, 0x83, 0x0a, 0xc6, 0x00, 0x03, 0x0b, 0xd6, 0x00, 0x83, 0x0b,
  0xe6, 0x00, 0x03, 0x0c, 0xf6, 0x00, 0x03, 0x09, 0x06, 0x01, 0x83, 0x0f,
  0x16, 0x01, 0x03, 0x0f, 0x26, 0x01, 0x83, 0x0e, 0x36, 0x01, 0x83, 0x04,
  0x46, 0x01, 0x83, 0x08, 0x56, 0x01, 0x23, 0x34, 0x14, 0xf3, 0x03, 0x05,
  0x66, 0x01, 0x23, 0x3c, 0xa4, 0xf6, 0x03, 0x03, 0x76, 0x01, 0x23, 0x30,
  0x64, 0xf2, 0x83, 0x06, 0xc6, 0x01, 0x23, 0x38, 0xd4, 0xf4, 0x83, 0x05,
  0xd6, 0x01, 0x23, 0x30, 0xb4, 0xf8, 0x83, 0x00, 0xe6, 0x01, 0x03, 0x07,
  0xf6, 0x01, 0x83, 0x02, 0x86, 0x01, 0x23, 0x3c, 0x54, 0xf2, 0x03, 0x08,
  0x96, 0x01, 0x23, 0x30, 0x04, 0xf5, 0x83, 0x03, 0xa6, 0x01, 0x23, 0x38,
  0x74, 0xf6, 0x83, 0x07, 0xb6, 0x01, 0x13, 0x06, 0x06, 0x08, 0x85, 0x65,
  0xb3, 0x05, 0xb4, 0x40, 0x23, 0xb4, 0xc5, 0x6c, 0x83, 0x35, 0x84, 0xf8,
  0x83, 0x85, 0x05, 0xe8, 0x23, 0x30, 0xe4, 0xf6, 0x33, 0x86, 0xed, 0x02,
  0x05, 0x6e, 0x33, 0x0e, 0xc4, 0x41, 0x23, 0x30, 0xce, 0x6c, 0x23, 0x34,
  0x14, 0xf6, 0x33, 0x86, 0x1d, 0x02, 0x05, 0x6e, 0x33, 0x0e, 0xc4, 0x41,
  0x23, 0x38, 0xce, 0x6a, 0x03, 0x36, 0x04, 0xf8, 0x33, 0x8d, 0xcd, 0x02,
  0x05, 0x6e, 0x33, 0x0e, 0xc4, 0x41, 0x23, 0x38, 0xae, 0x69, 0xb3, 0x86,
  0xdd, 0x02, 0x05, 0x6e, 0x33, 0x0e, 0xc4, 0x41, 0x23, 0x3c, 0xde, 0x64,
  0xbe, 0x86, 0x23, 0x34, 0xf4, 0xf4, 0xb3, 0x87, 0xfd, 0x02, 0x05, 0x6e,
  0x33, 0x0e, 0xc4, 0x41, 0x23, 0x3c, 0xfe, 0x60, 0xb3, 0x87, 0x7d, 0x02,
  0x85, 0x63, 0xb3, 0x03, 0x74, 0x40, 0x23, 0xbc, 0xf3, 0x5c, 0xb3, 0x87,
  0x0d, 0x03, 0x05, 0x68, 0x33, 0x08, 0x04, 0x41, 0x23, 0x3c, 0xf8, 0x58,
  0xb3, 0x87, 0x5d, 0x02, 0x05, 0x68, 0x33, 0x08, 0x04, 0x41, 0x23, 0x30,
  0xf8, 0x56, 0xb3, 0x87, 0x6d, 0x02, 0x05, 0x68, 0x33, 0x08, 0x04, 0x41,
  0x23, 0x34, 0xf8, 0x52, 0xb3, 0x87, 0xad, 0x02, 0x05, 0x65, 0x33, 0x05,
  0xa4, 0x40, 0x23, 0x34, 0xf5, 0x4e, 0xb3, 0x87, 0x1d, 0x03, 0x05, 0x65,
  0x33, 0x05, 0xa4, 0x40, 0x23, 0x38, 0xf5, 0x4a, 0x23, 0x38, 0x94, 0xf2,
  0xb3, 0x87, 0x9d, 0x02, 0x23, 0x38, 0x94, 0xf8, 0x05, 0x65, 0x33, 0x05,
  0xa4, 0x40, 0x23, 0x3c, 0xf5, 0x46, 0x76, 0x88, 0xb3, 0x87, 0xdd, 0x03,
  0x05, 0x65, 0x33, 0x05, 0xa4, 0x40, 0x23, 0x30, 0xf5, 0x44, 0xfa, 0x87,
  0x23, 0x3c, 0xe4, 0xf1, 0x33, 0x85, 0xed, 0x03, 0x85, 0x68, 0xb3, 0x08,
  0x14, 0x41, 0x23, 0xb0, 0xa8, 0x40, 0xfe, 0x82, 0x33, 0x85, 0xfd, 0x03,
  0x85, 0x68, 0xb3, 0x08, 0x14, 0x41, 0x23, 0xb4, 0xa8, 0x3c, 0xca, 0x88,
  0x33, 0x85, 0x2d, 0x03, 0x05, 0x63, 0x33, 0x03, 0x64, 0x40, 0x23, 0x38,
  0xa3, 0x38, 0x33, 0x85, 0x8d, 0x03, 0x05, 0x63, 0x33, 0x03, 0x64, 0x40,
  0x23, 0x3c, 0xa3, 0x34, 0x33, 0x85, 0x7d, 0x03, 0x05, 0x63, 0x33, 0x03,
  0x64, 0x40, 0x23, 0x30, 0xa3, 0x32, 0x33, 0x85, 0x6d, 0x03, 0x05, 0x63,
  0x33, 0x03, 0x64, 0x40, 0x23, 0x34, 0xa3, 0x2e, 0x33, 0x85, 0x5d, 0x03,
  0x05, 0x63, 0x33, 0x03, 0x64, 0x40, 0x23, 0x38, 0xa3, 0x2a, 0x33, 0x85,
  0x4d, 0x03, 0x05, 0x63, 0x33, 0x03, 0x64, 0x40, 0x23, 0x3c, 0xa3, 0x26,
  0x33, 0x85, 0x3d, 0x03, 0x05, 0x63, 0x33, 0x03, 0x64, 0x40, 0x23, 0x30,
  0xa3, 0x24, 0x66, 0x89, 0x33, 0x85, 0x9d, 0x03, 0x05, 0x63, 0x33, 0x03,
  0x64, 0x40, 0x23, 0x34, 0xa3, 0x20, 0x83, 0x3f, 0x04, 0xee, 0x33, 0x85,
  0xfd, 0x03, 0x05, 0x63, 0x33, 0x03, 0x64, 0x40, 0x23, 0x38, 0xa3, 0x1c,
  0x05, 0x65, 0x33, 0x05, 0xa4, 0x40, 0x03, 0x33, 0x85, 0x68, 0x33, 0x85,
  0x6d, 0x02, 0x85, 0x63, 0xb3, 0x03, 0x74, 0x40, 0x23, 0xbc, 0xa3, 0x18,
  0x03, 0x3f, 0x84, 0xee, 0x33, 0x85, 0xed, 0x03, 0x85, 0x63, 0xb3, 0x03,
  0x74, 0x40, 0x23, 0xb0, 0xa3, 0x16, 0x83, 0x3e, 0x04, 0xef, 0x33, 0x85,
  0xdd, 0x03, 0x85, 0x63, 0xb3, 0x03, 0x74, 0x40, 0x23, 0xb4, 0xa3, 0x12,
  0x03, 0x3e, 0x84, 0xef, 0x33, 0x85, 0xcd, 0x03, 0x85, 0x63, 0xb3, 0x03,
  0x74, 0x40, 0x23, 0xb8, 0xa3, 0x0e, 0x83, 0x33, 0x04, 0xf0, 0x33, 0x85,
  0x7d, 0x02, 0x85, 0x64, 0xb3, 0x04, 0x94, 0x40, 0xc8, 0xfc, 0x03, 0x35,
  0x84, 0xf5, 0x33, 0x85, 0xad, 0x02, 0x85, 0x64, 0xb3, 0x04, 0x94, 0x40,
  0xc8, 0xe0, 0x03, 0x3d, 0x04, 0xf1, 0x33, 0x85, 0xad, 0x03, 0x85, 0x64,
  0xb3, 0x04, 0x94, 0x40, 0xa8, 0xe4, 0x83, 0x3c, 0x84, 0xf0, 0x33, 0x85,
  0x9d, 0x03, 0x85, 0x64, 0xb3, 0x04, 0x94, 0x40, 0x88, 0xe8, 0x03, 0x35,
  0x84, 0xf8, 0x03, 0x05, 0x05, 0xf0, 0xb3, 0x8d, 0xe5, 0x02, 0x05, 0x67,
  0x33, 0x07, 0xe4, 0x40, 0x23, 0x3c, 0xb7, 0x6b, 0x33, 0x87, 0x15, 0x02,
  0x85, 0x64, 0xb3, 0x04, 0x94, 0x40, 0x23, 0xb0, 0xe4, 0x6a, 0x33, 0x87,
  0xc5, 0x02, 0x05, 0x66, 0x33, 0x06, 0xc4, 0x40, 0x23, 0x38, 0xe6, 0x66,
  0x83, 0x30, 0x04, 0xf5, 0x33, 0x86, 0x15, 0x02, 0x05, 0x67, 0x33, 0x07,
  0xe4, 0x40, 0x23, 0x38, 0xc7, 0x62, 0x33, 0x86, 0xd5, 0x02, 0x85, 0x66,
  0xb3, 0x06, 0xd4, 0x40, 0x23, 0xb8, 0xc6, 0x5e, 0x83, 0x3d, 0x04, 0xf7,
  0xb3, 0x86, 0xb5, 0x03, 0x05, 0x66, 0x33, 0x06, 0xc4, 0x40, 0x23, 0x38,
  0xd6, 0x5a, 0x83, 0x36, 0x04, 0xf4, 0x33, 0x87, 0xd5, 0x02, 0x05, 0x66,
  0x33, 0x06, 0xc4, 0x40, 0x23, 0x3c, 0xe6, 0x56, 0x03, 0x36, 0x84, 0xf3,
  0x33, 0x87, 0xc5, 0x02, 0x05, 0x66, 0x33, 0x06, 0xc4, 0x40, 0x23, 0x30,
  0xe6, 0x54, 0x03, 0x36, 0x04, 0xf2, 0x33, 0x87, 0xc5, 0x02, 0x05, 0x66,
  0x33, 0x06, 0xc4, 0x40, 0x23, 0x30, 0xe6, 0x50, 0x03, 0x36, 0x84, 0xf7,
  0x33, 0x87, 0xc5, 0x02, 0x05, 0x66, 0x33, 0x06, 0xc4, 0x40, 0x23, 0x34,
  0xe6, 0x4c, 0x03, 0x37, 0x84, 0xf2, 0x33, 0x86, 0xe5, 0x02, 0x85, 0x64,
  0xb3, 0x04, 0x94, 0x40, 0x23, 0xb8, 0xc4, 0x48, 0x83, 0x34, 0x04, 0xf9,
  0x33, 0x86, 0x95, 0x02, 0x85, 0x64, 0xb3, 0x04, 0x94, 0x40, 0x23, 0xbc,
  0xc4, 0x44, 0x33, 0x86, 0x05, 0x03, 0x85, 0x64, 0xb3, 0x04, 0x94, 0x40,
  0x23, 0xbc, 0xc4, 0x40, 0x33, 0x86, 0xf5, 0x02, 0x85, 0x67, 0xb3, 0x07,
  0xf4, 0x40, 0x23, 0xb0, 0xc7, 0x3e, 0x33, 0x86, 0x55, 0x02, 0x85, 0x67,
  0xb3, 0x07, 0xf4, 0x40, 0x23, 0xb4, 0xc7, 0x3a, 0x33, 0x86, 0x15, 0x03,
  0x85, 0x67, 0xb3, 0x07, 0xf4, 0x40, 0x23, 0xb8, 0xc7, 0x36, 0x33, 0x86,
  0x85, 0x03, 0x85, 0x67, 0xb3, 0x07, 0xf4, 0x40, 0x23, 0xbc, 0xc7, 0x32,
  0x33, 0x86, 0x75, 0x03, 0x85, 0x67, 0xb3, 0x07, 0xf4, 0x40, 0x23, 0xb0,
  0xc7, 0x30, 0x33, 0x86, 0x65, 0x03, 0x85, 0x67, 0xb3, 0x07, 0xf4, 0x40,
  0x23, 0xb4, 0xc7, 0x2c, 0x33, 0x86, 0x55, 0x03, 0x85, 0x67, 0xb3, 0x07,
  0xf4, 0x40, 0x23, 0xb8, 0xc7, 0x28, 0x33, 0x86, 0x45, 0x03, 0x85, 0x67,
  0xb3, 0x07, 0xf4, 0x40, 0x23, 0xbc, 0xc7, 0x24, 0x33, 0x86, 0x35, 0x03,
  0x85, 0x67, 0xb3, 0x07, 0xf4, 0x40, 0x23, 0xb0, 0xc7, 0x22, 0x33, 0x86,
  0x25, 0x03, 0x85, 0x67, 0xb3, 0x07, 0xf4, 0x40, 0x23, 0xb4, 0xc7, 0x1e,
  0x33, 0x86, 0xf5, 0x03, 0x85, 0x67, 0xb3, 0x07, 0xf4, 0x40, 0x23, 0xb8,
  0xc7, 0x1a, 0x33, 0x86, 0x65, 0x02, 0x85, 0x67, 0xb3, 0x07, 0xf4, 0x40,
  0x23, 0xbc, 0xc7, 0x16, 0x33, 0x86, 0xe5, 0x03, 0x85, 0x67, 0xb3, 0x07,
  0xf4, 0x40, 0x23, 0xb0, 0xc7, 0x14, 0x33, 0x86, 0xd5, 0x03, 0x85, 0x67,
  0xb3, 0x07, 0xf4, 0x40, 0x23, 0xb4, 0xc7, 0x10, 0x33, 0x86, 0xc5, 0x03,
  0x85, 0x67, 0xb3, 0x07, 0xf4, 0x40, 0xf0, 0xeb, 0x33, 0x86, 0x75, 0x02,
  0x85, 0x67, 0xb3, 0x07, 0xf4, 0x40, 0xd0, 0xef, 0x33, 0x86, 0x95, 0x03,
  0x85, 0x67, 0xb3, 0x07, 0xf4, 0x40, 0xb0, 0xf3, 0x33, 0x86, 0xa5, 0x03,
  0x85, 0x67, 0xb3, 0x07, 0xf4, 0x40, 0x90, 0xf7, 0x03, 0x36, 0x84, 0xf5,
  0xb3, 0x85, 0xc5, 0x02, 0x05, 0x66, 0x33, 0x06, 0xc4, 0x40, 0x23, 0x38,
  0xb6, 0xfe, 0x83, 0x35, 0x84, 0xf8, 0x83, 0x85, 0x05, 0xf8, 0x03, 0x36,
  0x04, 0xf6, 0xb3, 0x07, 0xc5, 0x02, 0x05, 0x66, 0x33, 0x06, 0xc4, 0x40,
  0x23, 0x34, 0xf6, 0x6a, 0x03, 0x36, 0x84, 0xf6, 0xb3, 0x07, 0xc5, 0x02,
  0x05, 0x66, 0x33, 0x06, 0xc4, 0x40, 0x23, 0x30, 0xf6, 0x68, 0x03, 0x36,
  0x04, 0xf8, 0xb3, 0x07, 0xc5, 0x02, 0x05, 0x66, 0x33, 0x06, 0xc4, 0x40,
  0x23, 0x38, 0xf6, 0x64, 0xb3, 0x07, 0x15, 0x02, 0x05, 0x66, 0x33, 0x06,
  0xc4, 0x40, 0x23, 0x38, 0xf6, 0x60, 0x03, 0x36, 0x84, 0xf4, 0xb3, 0x07,
  0xc5, 0x02, 0x05, 0x66, 0x33, 0x06, 0xc4, 0x40, 0x23, 0x38, 0xf6, 0x5c,
  0xb3, 0x07, 0xb5, 0x03, 0x05, 0x66, 0x33, 0x06, 0xc4, 0x40, 0x23, 0x38,
  0xf6, 0x58, 0x33, 0x06, 0xd5, 0x02, 0x85, 0x66, 0xb3, 0x06, 0xd4, 0x40,
  0x23, 0xbc, 0xc6, 0x54, 0x83, 0x3d, 0x84, 0xf3, 0x33, 0x06, 0xb5, 0x03,
  0x85, 0x66, 0xb3, 0x06, 0xd4, 0x40, 0x23, 0xb0, 0xc6, 0x52, 0x83, 0x34,
  0x04, 0xf2, 0x33, 0x06, 0x95, 0x02, 0x23, 0x38, 0x94, 0xf8, 0x85, 0x66,
  0xb3, 0x06, 0xd4, 0x40, 0x23, 0xb0, 0xc6, 0x4e, 0x03, 0x36, 0x84, 0xf7,
  0x33, 0x06, 0xc5, 0x02, 0x85, 0x66, 0xb3, 0x06, 0xd4, 0x40, 0x23, 0xb4,
  0xc6, 0x4a, 0x33, 0x06, 0xe5, 0x02, 0x85, 0x66, 0xb3, 0x06, 0xd4, 0x40,
  0x23, 0xb8, 0xc6, 0x46, 0x83, 0x36, 0x04, 0xf3, 0x33, 0x06, 0xd5, 0x02,
  0x85, 0x67, 0xb3, 0x07, 0xf4, 0x40, 0x23, 0xbc, 0xc7, 0x42, 0x33, 0x06,
  0x05, 0x03, 0x85, 0x67, 0xb3, 0x07, 0xf4, 0x40, 0x23, 0xbc, 0xc7, 0x3e,
  0x83, 0x37, 0x84, 0xf1, 0x33, 0x06, 0xf5, 0x02, 0x85, 0x64, 0xb3, 0x04,
  0x94, 0x40, 0x23, 0xb0, 0xc4, 0x3c, 0x23, 0x38, 0x54, 0xec, 0x33, 0x06,
  0x55, 0x02, 0x85, 0x64, 0xb3, 0x04, 0x94, 0x40, 0x23, 0xb4, 0xc4, 0x38,
  0x05, 0x66, 0x33, 0x06, 0xc4, 0x40, 0x23, 0x3c, 0x16, 0xf9, 0x33, 0x06,
  0x15, 0x03, 0x85, 0x64, 0xb3, 0x04, 0x94, 0x40, 0x23, 0xb8, 0xc4, 0x34,
  0x33, 0x06, 0x85, 0x03, 0x85, 0x64, 0xb3, 0x04, 0x94, 0x40, 0x23, 0xbc,
  0xc4, 0x30, 0x33, 0x06, 0x75, 0x03, 0x85, 0x64, 0xb3, 0x04, 0x94, 0x40,
  0x23, 0xb0, 0xc4, 0x2e, 0x33, 0x06, 0x65, 0x03, 0x85, 0x64, 0xb3, 0x04,
  0x94, 0x40, 0x23, 0xb4, 0xc4, 0x2a, 0x33, 0x06, 0x55, 0x03, 0x85, 0x64,
  0xb3, 0x04, 0x94, 0x40, 0x23, 0xb8, 0xc4, 0x26, 0x33, 0x06, 0x45, 0x03,
  0x85, 0x64, 0xb3, 0x04, 0x94, 0x40, 0x23, 0xbc, 0xc4, 0x22, 0x33, 0x06,
  0x35, 0x03, 0x85, 0x64, 0xb3, 0x04, 0x94, 0x40, 0x23, 0xb0, 0xc4, 0x20,
  0x33, 0x06, 0x25, 0x03, 0x85, 0x64, 0xb3, 0x04, 0x94, 0x40, 0x23, 0xb4,
  0xc4, 0x1c, 0x33, 0x06, 0xf5, 0x03, 0x85, 0x64, 0xb3, 0x04, 0x94, 0x40,
  0x23, 0xb8, 0xc4, 0x18, 0x33, 0x06, 0x65, 0x02, 0x85, 0x64, 0xb3, 0x04,
  0x94, 0x40, 0x23, 0xbc, 0xc4, 0x14, 0x33, 0x06, 0xe5, 0x03, 0x85, 0x64,
  0xb3, 0x04, 0x94, 0x40, 0x23, 0xb0, 0xc4, 0x12, 0x33, 0x06, 0xd5, 0x03,
  0x85, 0x64, 0xb3, 0x04, 0x94, 0x40, 0xf0, 0xf4, 0x33, 0x06, 0xc5, 0x03,
  0x85, 0x64, 0xb3, 0x04, 0x94, 0x40, 0xd0, 0xf8, 0x33, 0x06, 0x75, 0x02,
  0x85, 0x64, 0xb3, 0x04, 0x94, 0x40, 0xb0, 0xfc, 0x33, 0x06, 0x95, 0x03,
  0x85, 0x64, 0xb3, 0x04, 0x94, 0x40, 0xb0, 0xe0, 0x33, 0x06, 0xa5, 0x03,
  0x85, 0x64, 0xb3, 0x04, 0x94, 0x40, 0x90, 0xe4, 0x03, 0x36, 0x84, 0xf5,
  0x33, 0x05, 0xc5, 0x02, 0x05, 0x66, 0x33, 0x06, 0xc4, 0x40, 0x23, 0x3c,
  0xa6, 0xfc, 0x03, 0x35, 0x84, 0xf8, 0x03, 0x05, 0x05, 0x00, 0x03, 0x36,
  0x04, 0xf6, 0x33, 0x86, 0xc5, 0x02, 0x85, 0x64, 0xb3, 0x04, 0x94, 0x40,
  0x23, 0xbc, 0xc4, 0x68, 0x03, 0x36, 0x84, 0xf6, 0x33, 0x86, 0xc5, 0x02,
  0x85, 0x64, 0xb3, 0x04, 0x94, 0x40, 0x23, 0xb4, 0xc4, 0x66, 0x03, 0x36,
  0x04, 0xf8, 0x33, 0x86, 0xc5, 0x02, 0x85, 0x64, 0xb3, 0x04, 0x94, 0x40,
  0x23, 0xb4, 0xc4, 0x62, 0x33, 0x86, 0x15, 0x02, 0x85, 0x64, 0xb3, 0x04,
  0x94, 0x40, 0x23, 0xb4, 0xc4, 0x5e, 0x03, 0x36, 0x84, 0xf4, 0x33, 0x86,
  0xc5, 0x02, 0x85, 0x64, 0xb3, 0x04, 0x94, 0x40, 0x23, 0xb4, 0xc4, 0x5a,
  0x03, 0x36, 0x04, 0xf7, 0x33, 0x86, 0xc5, 0x02, 0x85, 0x64, 0xb3, 0x04,
  0x94, 0x40, 0x23, 0xb8, 0xc4, 0x56, 0x83, 0x30, 0x04, 0xf4, 0x33, 0x86,
  0x15, 0x02, 0x85, 0x64, 0xb3, 0x04, 0x94, 0x40, 0x23, 0xbc, 0xc4, 0x52,
  0x33, 0x86, 0xb5, 0x03, 0x85, 0x64, 0xb3, 0x04, 0x94, 0x40, 0x23, 0xbc,
  0xc4, 0x4e, 0x83, 0x34, 0x04, 0xf9, 0x33, 0x86, 0x95, 0x02, 0x85, 0x64,
  0xb3, 0x04, 0x94, 0x40, 0x23, 0xb0, 0xc4, 0x4c, 0x03, 0x36, 0x84, 0xf7,
  0x33, 0x86, 0xc5, 0x02, 0x85, 0x64, 0xb3, 0x04, 0x94, 0x40, 0x23, 0xb4,
  0xc4, 0x48, 0x33, 0x86, 0xe5, 0x02, 0x05, 0x67, 0x33, 0x07, 0xe4, 0x40,
  0x23, 0x38, 0xc7, 0x44, 0x33, 0x86, 0xd5, 0x02, 0x85, 0x66, 0xb3, 0x06,
  0xd4, 0x40, 0x23, 0xb8, 0xc6, 0x40, 0x33, 0x86, 0x05, 0x03, 0x85, 0x66,
  0xb3, 0x06, 0xd4, 0x40, 0x23, 0xbc, 0xc6, 0x3c, 0xc2, 0x84, 0x23, 0x3c,
  0x04, 0xed, 0x33, 0x86, 0xf5, 0x02, 0x85, 0x66, 0xb3, 0x06, 0xd4, 0x40,
  0x23, 0xb0, 0xc6, 0x3a, 0x33, 0x86, 0x55, 0x02, 0x85, 0x66, 0xb3, 0x06,
  0xd4, 0x40, 0x23, 0xb4, 0xc6, 0x36, 0x33, 0x86, 0x15, 0x03, 0x85, 0x66,
  0xb3, 0x06, 0xd4, 0x40, 0x23, 0xb8, 0xc6, 0x32, 0x33, 0x86, 0x85, 0x03,
  0x85, 0x66, 0xb3, 0x06, 0xd4, 0x40, 0x23, 0xbc, 0xc6, 0x2e, 0x33, 0x86,
  0x75, 0x03, 0x85, 0x66, 0xb3, 0x06, 0xd4, 0x40, 0x23, 0xb0, 0xc6, 0x2c,
  0x33, 0x86, 0x65, 0x03, 0x85, 0x66, 0xb3, 0x06, 0xd4, 0x40, 0x23, 0xb4,
  0xc6, 0x28, 0x33, 0x86, 0x55, 0x03, 0x85, 0x66, 0xb3, 0x06, 0xd4, 0x40,
  0x23, 0xb8, 0xc6, 0x24, 0x33, 0x86, 0x45, 0x03, 0x85, 0x66, 0xb3, 0x06,
  0xd4, 0x40, 0x23, 0xbc, 0xc6, 0x20, 0x33, 0x86, 0x35, 0x03, 0x85, 0x66,
  0xb3, 0x06, 0xd4, 0x40, 0x23, 0xb0, 0xc6, 0x1e, 0x33, 0x86, 0x25, 0x03,
  0x85, 0x66, 0xb3, 0x06, 0xd4, 0x40, 0x23, 0xb4, 0xc6, 0x1a, 0x33, 0x86,
  0xf5, 0x03, 0x85, 0x66, 0xb3, 0x06, 0xd4, 0x40, 0x23, 0xb8, 0xc6, 0x16,
  0x33, 0x86, 0x65, 0x02, 0x85, 0x66, 0xb3, 0x06, 0xd4, 0x40, 0x23, 0xbc,
  0xc6, 0x12, 0x33, 0x86, 0xe5, 0x03, 0x85, 0x66, 0xb3, 0x06, 0xd4, 0x40,
  0x23, 0xb0, 0xc6, 0x10, 0x33, 0x86, 0xd5, 0x03, 0x85, 0x66, 0xb3, 0x06,
  0xd4, 0x40, 0xf0, 0xe6, 0x33, 0x86, 0xc5, 0x03, 0x85, 0x66, 0xb3, 0x06,
  0xd4, 0x40, 0xd0, 0xea, 0x33, 0x86, 0x75, 0x02, 0x85, 0x66, 0xb3, 0x06,
  0xd4, 0x40, 0xb0, 0xee, 0x33, 0x86, 0x95, 0x03, 0x85, 0x66, 0xb3, 0x06,
  0xd4, 0x40, 0x90, 0xf2, 0x33, 0x86, 0xa5, 0x03, 0x85, 0x66, 0xb3, 0x06,
  0xd4, 0x40, 0x23, 0xb4, 0xc6, 0xfe, 0x83, 0x36, 0x84, 0xf5, 0xb3, 0x85,
  0xd5, 0x02, 0x05, 0x66, 0x33, 0x06, 0xc4, 0x40, 0x23, 0x30, 0xb6, 0xfc,
  0x83, 0x35, 0x84, 0xf8, 0x83, 0x85, 0x05, 0x08, 0x83, 0x32, 0x04, 0xf6,
  0x33, 0x06, 0x55, 0x02, 0x05, 0x67, 0x33, 0x07, 0xe4, 0x40, 0x23, 0x3c,
  0xc7, 0x66, 0x83, 0x37, 0x84, 0xf6, 0x33, 0x06, 0xf5, 0x02, 0x05, 0x67,
  0x33, 0x07, 0xe4, 0x40, 0x23, 0x34, 0xc7, 0x64, 0x03, 0x37, 0x04, 0xf8,
  0x33, 0x06, 0xe5, 0x02, 0x05, 0x68, 0x33, 0x08, 0x04, 0x41, 0x23, 0x34,
  0xc8, 0x60, 0x03, 0x36, 0x04, 0xf5, 0x33, 0x06, 0xc5, 0x02, 0x05, 0x68,
  0x33, 0x08, 0x04, 0x41, 0x23, 0x34, 0xc8, 0x5c, 0x03, 0x38, 0x84, 0xf4,
  0x33, 0x06, 0x05, 0x03, 0x85, 0x68, 0xb3, 0x08, 0x14, 0x41, 0x23, 0xb4,
  0xc8, 0x58, 0x03, 0x36, 0x04, 0xf7, 0x33, 0x06, 0xc5, 0x02, 0x85, 0x68,
  0xb3, 0x08, 0x14, 0x41, 0x23, 0xb8, 0xc8, 0x54, 0x33, 0x06, 0x15, 0x02,
  0x85, 0x68, 0xb3, 0x08, 0x14, 0x41, 0x23, 0xbc, 0xc8, 0x50, 0x33, 0x06,
  0xb5, 0x03, 0x85, 0x68, 0xb3, 0x08, 0x14, 0x41, 0x23, 0xbc, 0xc8, 0x4c,
  0x83, 0x38, 0x04, 0xf2, 0x33, 0x06, 0x15, 0x03, 0x85, 0x6d, 0xb3, 0x0d,
  0xb4, 0x41, 0x23, 0xb0, 0xcd, 0x4a, 0x03, 0x36, 0x84, 0xf7, 0x33, 0x06,
  0xc5, 0x02, 0x85, 0x6d, 0xb3, 0x0d, 0xb4, 0x41, 0x23, 0xb4, 0xcd, 0x46,
  0x03, 0x36, 0x84, 0xf2, 0x33, 0x06, 0xc5, 0x02, 0x85, 0x6d, 0xb3, 0x0d,
  0xb4, 0x41, 0x23, 0xb8, 0xcd, 0x42, 0x03, 0x36, 0x04, 0xf3, 0x33, 0x06,
  0xc5, 0x02, 0x85, 0x6d, 0xb3, 0x0d, 0xb4, 0x41, 0x23, 0xb8, 0xcd, 0x3e,
  0x33, 0x06, 0x95, 0x02, 0x85, 0x64, 0xb3, 0x04, 0x94, 0x40, 0x23, 0xbc,
  0xc4, 0x3a, 0x83, 0x30, 0x84, 0xf1, 0x33, 0x06, 0x15, 0x02, 0x23, 0x38,
  0x14, 0xf8, 0x85, 0x64, 0xb3, 0x04, 0x94, 0x40, 0x23, 0xb0, 0xc4, 0x38,
  0x83, 0x3d, 0x04, 0xed, 0x33, 0x06, 0xb5, 0x03, 0x85, 0x64, 0xb3, 0x04,
  0x94, 0x40, 0x23, 0xb4, 0xc4, 0x34, 0x05, 0x66, 0x33, 0x06, 0xc4, 0x40,
  0x83, 0x34, 0x86, 0xf9, 0x33, 0x06, 0x95, 0x02, 0x85, 0x60, 0xb3, 0x00,
  0x14, 0x40, 0x23, 0xb8, 0xc0, 0x30, 0x05, 0x66, 0x33, 0x06, 0xc4, 0x40,
  0x23, 0x38, 0x86, 0xf9, 0x33, 0x06, 0x85, 0x03, 0x85, 0x60, 0xb3, 0x00,
  0x14, 0x40, 0x23, 0xbc, 0xc0, 0x2c, 0x05, 0x66, 0x33, 0x06, 0xc4, 0x40,
  0x23, 0x34, 0x76, 0xf9, 0x33, 0x06, 0x75, 0x03, 0x85, 0x60, 0xb3, 0x00,
  0x14, 0x40, 0x23, 0xb0, 0xc0, 0x2a, 0x05, 0x66, 0x33, 0x06, 0xc4, 0x40,
  0x23, 0x30, 0x66, 0xf9, 0x33, 0x06, 0x65, 0x03, 0x85, 0x60, 0xb3, 0x00,
  0x14, 0x40, 0x23, 0xb4, 0xc0, 0x26, 0x05, 0x66, 0x33, 0x06, 0xc4, 0x40,
  0x23, 0x3c, 0x56, 0xf7, 0x33, 0x06, 0x55, 0x03, 0x85, 0x60, 0xb3, 0x00,
  0x14, 0x40, 0x23, 0xb8, 0xc0, 0x22, 0x05, 0x66, 0x33, 0x06, 0xc4, 0x40,
  0x23, 0x38, 0x46, 0xf7, 0x33, 0x06, 0x45, 0x03, 0x85, 0x60, 0xb3, 0x00,
  0x14, 0x40, 0x23, 0xbc, 0xc0, 0x1e, 0x05, 0x66, 0x33, 0x06, 0xc4, 0x40,
  0x23, 0x34, 0x36, 0xf7, 0x33, 0x06, 0x35, 0x03, 0x85, 0x60, 0xb3, 0x00,
  0x14, 0x40, 0x23, 0xb0, 0xc0, 0x1c, 0x05, 0x66, 0x33, 0x06, 0xc4, 0x40,
  0x23, 0x30, 0x26, 0xf7, 0x33, 0x06, 0x25, 0x03, 0x85, 0x60, 0xb3, 0x00,
  0x14, 0x40, 0x23, 0xb4, 0xc0, 0x18, 0x33, 0x06, 0xf5, 0x03, 0x85, 0x60,
  0xb3, 0x00, 0x14, 0x40, 0x23, 0xb8, 0xc0, 0x14, 0x33, 0x06, 0x65, 0x02,
  0x85, 0x60, 0xb3, 0x00, 0x14, 0x40, 0x23, 0xbc, 0xc0, 0x10, 0x33, 0x06,
  0xe5, 0x03, 0x85, 0x60, 0xb3, 0x00, 0x14, 0x40, 0x23, 0xb0, 0xc0, 0x0e,
  0x33, 0x06, 0xd5, 0x03, 0x85, 0x60, 0xb3, 0x00, 0x14, 0x40, 0x23, 0xb4,
  0xc0, 0x0a, 0x33, 0x06, 0xc5, 0x03, 0x85, 0x60, 0xb3, 0x00, 0x14, 0x40,
  0x23, 0xb8, 0xc0, 0x06, 0x33, 0x06, 0x75, 0x02, 0x85, 0x60, 0xb3, 0x00,
  0x14, 0x40, 0x23, 0xbc, 0xc0, 0x02, 0x33, 0x06, 0x95, 0x03, 0x85, 0x60,
  0xb3, 0x00, 0x14, 0x40, 0x23, 0xb0, 0xc0, 0x00, 0x33, 0x06, 0xa5, 0x03,
  0x85, 0x60, 0xb3, 0x00, 0x14, 0x40, 0x23, 0xb8, 0xc0, 0xfc, 0x33, 0x05,
  0xd5, 0x02, 0x05, 0x66, 0x33, 0x06, 0xc4, 0x40, 0x23, 0x38, 0xa6, 0xfa,
  0x03, 0x35, 0x84, 0xf8, 0x03, 0x05, 0x05, 0x10, 0x33, 0x86, 0x55, 0x02,
  0x85, 0x62, 0xb3, 0x02, 0x54, 0x40, 0x23, 0xb0, 0xc2, 0x66, 0x33, 0x86,
  0xf5, 0x02, 0x85, 0x67, 0xb3, 0x07, 0xf4, 0x40, 0x23, 0xb0, 0xc7, 0x62,
  0x33, 0x86, 0xe5, 0x02, 0x05, 0x67, 0x33, 0x07, 0xe4, 0x40, 0x23, 0x30,
  0xc7, 0x5e, 0x03, 0x36, 0x04, 0xf5, 0x33, 0x86, 0xc5, 0x02, 0x05, 0x67,
  0x33, 0x07, 0xe4, 0x40, 0x23, 0x30, 0xc7, 0x5a, 0x33, 0x86, 0x05, 0x03,
  0x05, 0x67, 0x33, 0x07, 0xe4, 0x40, 0x23, 0x34, 0xc7, 0x56, 0x03, 0x37,
  0x04, 0xf7, 0x33, 0x86, 0xe5, 0x02, 0x85, 0x67, 0xb3, 0x07, 0xf4, 0x40,
  0x23, 0xb8, 0xc7, 0x52, 0x03, 0x36, 0x04, 0xf4, 0x33, 0x86, 0xc5, 0x02,
  0x85, 0x67, 0xb3, 0x07, 0xf4, 0x40, 0x23, 0xb8, 0xc7, 0x4e, 0x03, 0x36,
  0x84, 0xf3, 0x33, 0x86, 0xc5, 0x02, 0x85, 0x67, 0xb3, 0x07, 0xf4, 0x40,
  0x23, 0xbc, 0xc7, 0x4a, 0x33, 0x86, 0x15, 0x03, 0x85, 0x67, 0xb3, 0x07,
  0xf4, 0x40, 0x23, 0xb0, 0xc7, 0x48, 0x83, 0x32, 0x84, 0xf7, 0x33, 0x86,
  0x55, 0x02, 0x85, 0x67, 0xb3, 0x07, 0xf4, 0x40, 0x23, 0xb4, 0xc7, 0x44,
  0x83, 0x38, 0x84, 0xf2, 0x33, 0x86, 0x15, 0x03, 0x85, 0x67, 0xb3, 0x07,
  0xf4, 0x40, 0x23, 0xb4, 0xc7, 0x40, 0x03, 0x38, 0x04, 0xf3, 0x33, 0x86,
  0x05, 0x03, 0x85, 0x67, 0xb3, 0x07, 0xf4, 0x40, 0x23, 0xb8, 0xc7, 0x3c,
  0x83, 0x37, 0x84, 0xed, 0x33, 0x86, 0xf5, 0x02, 0x85, 0x60, 0xb3, 0x00,
  0x14, 0x40, 0x23, 0xbc, 0xc0, 0x38, 0x83, 0x30, 0x04, 0xf9, 0x33, 0x86,
  0x15, 0x02, 0x85, 0x60, 0xb3, 0x00, 0x14, 0x40, 0x23, 0xb0, 0xc0, 0x36,
  0x33, 0x86, 0xb5, 0x03, 0x85, 0x6d, 0xb3, 0x0d, 0xb4, 0x41, 0x23, 0xb4,
  0xcd, 0x32, 0x33, 0x86, 0x95, 0x02, 0x85, 0x6d, 0xb3, 0x0d, 0xb4, 0x41,
  0x23, 0xb8, 0xcd, 0x2e, 0x33, 0x86, 0x85, 0x03, 0x05, 0x6c, 0x33, 0x0c,
  0x84, 0x41, 0x23, 0x3c, 0xcc, 0x2a, 0x33, 0x86, 0x75, 0x03, 0x85, 0x6b,
  0xb3, 0x0b, 0x74, 0x41, 0x23, 0xb0, 0xcb, 0x28, 0x33, 0x86, 0x65, 0x03,
  0x05, 0x6b, 0x33, 0x0b, 0x64, 0x41, 0x23, 0x34, 0xcb, 0x24, 0x33, 0x86,
  0x55, 0x03, 0x85, 0x6a, 0xb3, 0x0a, 0x54, 0x41, 0x23, 0xb8, 0xca, 0x20,
  0x33, 0x86, 0x45, 0x03, 0x05, 0x6a, 0x33, 0x0a, 0x44, 0x41, 0x23, 0x3c,
  0xca, 0x1c, 0x33, 0x86, 0x35, 0x03, 0x85, 0x69, 0xb3, 0x09, 0x34, 0x41,
  0x23, 0xb0, 0xc9, 0x1a, 0x33, 0x86, 0x25, 0x03, 0x05, 0x69, 0x33, 0x09,
  0x24, 0x41, 0x23, 0x34, 0xc9, 0x16, 0x33, 0x86, 0xf5, 0x03, 0x85, 0x6f,
  0xb3, 0x0f, 0xf4, 0x41, 0x23, 0xb8, 0xcf, 0x12, 0x33, 0x86, 0x65, 0x02,
  0x85, 0x6f, 0xb3, 0x0f, 0xf4, 0x41, 0x23, 0xbc, 0xcf, 0x0e, 0x33, 0x86,
  0xe5, 0x03, 0x05, 0x6f, 0x33, 0x0f, 0xe4, 0x41, 0x23, 0x30, 0xcf, 0x0c,
  0x33, 0x86, 0xd5, 0x03, 0x85, 0x6e, 0xb3, 0x0e, 0xd4, 0x41, 0x23, 0xb4,
  0xce, 0x08, 0x33, 0x86, 0xc5, 0x03, 0x05, 0x6e, 0x33, 0x0e, 0xc4, 0x41,
  0x23, 0x38, 0xce, 0x04, 0x33, 0x86, 0x75, 0x02, 0x85, 0x63, 0xb3, 0x03,
  0x74, 0x40, 0x23, 0xbc, 0xc3, 0x00, 0x33, 0x86, 0x95, 0x03, 0x85, 0x63,
  0xb3, 0x03, 0x74, 0x40, 0x23, 0xb0, 0xc3, 0xfe, 0x33, 0x86, 0xa5, 0x03,
  0x85, 0x63, 0xb3, 0x03, 0x74, 0x40, 0x23, 0xbc, 0xc3, 0xfa, 0xb3, 0x85,
  0xd5, 0x02, 0x36, 0x86, 0x85, 0x66, 0xb3, 0x06, 0xd4, 0x40, 0x23, 0xb0,
  0xb6, 0xfa, 0x83, 0x35, 0x84, 0xf8, 0x83, 0x80, 0x05, 0x18, 0x83, 0x35,
  0x04, 0xf6, 0xb3, 0x05, 0xb5, 0x02, 0x85, 0x66, 0xb3, 0x06, 0xd4, 0x40,
  0x23, 0xb0, 0xb6, 0x64, 0x83, 0x35, 0x84, 0xf6, 0xb3, 0x05, 0xb5, 0x02,
  0x85, 0x66, 0xb3, 0x06, 0xd4, 0x40, 0x23, 0xb0, 0xb6, 0x60, 0x83, 0x35,
  0x04, 0xf8, 0xb3, 0x05, 0xb5, 0x02, 0x85, 0x66, 0xb3, 0x06, 0xd4, 0x40,
  0x23, 0xb0, 0xb6, 0x5c, 0x83, 0x3a, 0x04, 0xf5, 0xb3, 0x05, 0x55, 0x03,
  0x23, 0x38, 0x54, 0xf9, 0x85, 0x66, 0xb3, 0x06, 0xd4, 0x40, 0x23, 0xb0,
  0xb6, 0x58, 0x83, 0x3b, 0x84, 0xf4, 0xb3, 0x05, 0x75, 0x03, 0x85, 0x66,
  0xb3, 0x06, 0xd4, 0x40, 0x23, 0xb4, 0xb6, 0x54, 0xb3, 0x05, 0xe5, 0x02,
  0x85, 0x66, 0xb3, 0x06, 0xd4, 0x40, 0x23, 0xb8, 0xb6, 0x50, 0x83, 0x3d,
  0x04, 0xf4, 0xb3, 0x05, 0xb5, 0x03, 0x85, 0x66, 0xb3, 0x06, 0xd4, 0x40,
  0x23, 0xb8, 0xb6, 0x4c, 0x03, 0x3c, 0x84, 0xf3, 0xb3, 0x05, 0x85, 0x03,
  0x85, 0x66, 0xb3, 0x06, 0xd4, 0x40, 0x23, 0xbc, 0xb6, 0x48, 0x03, 0x3d,
  0x04, 0xf2, 0xb3, 0x05, 0xa5, 0x03, 0x85, 0x66, 0xb3, 0x06, 0xd4, 0x40,
  0x23, 0xb0, 0xb6, 0x46, 0xb3, 0x05, 0x55, 0x02, 0x85, 0x66, 0xb3, 0x06,
  0xd4, 0x40, 0x23, 0xb4, 0xb6, 0x42, 0xb3, 0x05, 0x15, 0x03, 0x85, 0x66,
  0xb3, 0x06, 0xd4, 0x40, 0x23, 0xb4, 0xb6, 0x3e, 0xb3, 0x05, 0x05, 0x03,
  0x85, 0x66, 0xb3, 0x06, 0xd4, 0x40, 0x23, 0xb8, 0xb6, 0x3a, 0xb3, 0x05,
  0xf5, 0x02, 0x85, 0x66, 0xb3, 0x06, 0xd4, 0x40, 0x23, 0xbc, 0xb6, 0x36,
  0x03, 0x3b, 0x84, 0xf1, 0xb3, 0x05, 0x65, 0x03, 0x85, 0x66, 0xb3, 0x06,
  0xd4, 0x40, 0x23, 0xb0, 0xb6, 0x34, 0x03, 0x3a, 0x04, 0xed, 0xb3, 0x05,
  0x45, 0x03, 0x85, 0x66, 0xb3, 0x06, 0xd4, 0x40, 0x23, 0xb4, 0xb6, 0x30,
  0xa6, 0x8c, 0xb3, 0x05, 0x95, 0x02, 0x85, 0x66, 0xb3, 0x06, 0xd4, 0x40,
  0x23, 0xb8, 0xb6, 0x2c, 0x85, 0x65, 0xb3, 0x05, 0xb4, 0x40, 0x83, 0xb9,
  0x05, 0xf9, 0xb3, 0x05, 0x35, 0x03, 0x85, 0x66, 0xb3, 0x06, 0xd4, 0x40,
  0x23, 0xbc, 0xb6, 0x28, 0x85, 0x65, 0xb3, 0x05, 0xb4, 0x40, 0x03, 0xb9,
  0x85, 0xf8, 0xb3, 0x05, 0x25, 0x03, 0x85, 0x66, 0xb3, 0x06, 0xd4, 0x40,
  0x23, 0xb0, 0xb6, 0x26, 0x85, 0x65, 0xb3, 0x05, 0xb4, 0x40, 0x83, 0xb4,
  0x05, 0xf8, 0xb3, 0x05, 0x95, 0x02, 0x85, 0x66, 0xb3, 0x06, 0xd4, 0x40,
  0x23, 0xb4, 0xb6, 0x22, 0x85, 0x65, 0xb3, 0x05, 0xb4, 0x40, 0x83, 0xbf,
  0x85, 0xf7, 0xb3, 0x05, 0xf5, 0x03, 0x85, 0x66, 0xb3, 0x06, 0xd4, 0x40,
  0x23, 0xb8, 0xb6, 0x1e, 0x85, 0x65, 0xb3, 0x05, 0xb4, 0x40, 0x03, 0xbf,
  0x05, 0xf7, 0xb3, 0x05, 0xe5, 0x03, 0x85, 0x66, 0xb3, 0x06, 0xd4, 0x40,
  0x23, 0xbc, 0xb6, 0x1a, 0x85, 0x65, 0xb3, 0x05, 0xb4, 0x40, 0x83, 0xbe,
  0x85, 0xf6, 0xb3, 0x05, 0xd5, 0x03, 0x85, 0x66, 0xb3, 0x06, 0xd4, 0x40,
  0x23, 0xb0, 0xb6, 0x18, 0x85, 0x65, 0xb3, 0x05, 0xb4, 0x40, 0x03, 0xbe,
  0x05, 0xf6, 0xb3, 0x05, 0xc5, 0x03, 0x85, 0x66, 0xb3, 0x06, 0xd4, 0x40,
  0x23, 0xb4, 0xb6, 0x14, 0x83, 0x33, 0x04, 0xee, 0xb3, 0x05, 0x75, 0x02,
  0x85, 0x66, 0xb3, 0x06, 0xd4, 0x40, 0x23, 0xb8, 0xb6, 0x10, 0xb3, 0x05,
  0x65, 0x02, 0x85, 0x66, 0xb3, 0x06, 0xd4, 0x40, 0xec, 0xee, 0x83, 0x32,
  0x84, 0xee, 0xb3, 0x05, 0x55, 0x02, 0x85, 0x66, 0xb3, 0x06, 0xd4, 0x40,
  0xcc, 0xf2, 0x83, 0x38, 0x04, 0xef, 0xb3, 0x05, 0x15, 0x03, 0x85, 0x66,
  0xb3, 0x06, 0xd4, 0x40, 0xac, 0xf6, 0x03, 0x38, 0x84, 0xef, 0xb3, 0x05,
  0x05, 0x03, 0x85, 0x66, 0xb3, 0x06, 0xd4, 0x40, 0x8c, 0xfa, 0x83, 0x37,
  0x04, 0xf0, 0xb3, 0x05, 0xf5, 0x02, 0x85, 0x66, 0xb3, 0x06, 0xd4, 0x40,
  0x23, 0xbc, 0xb6, 0xfe, 0x03, 0x37, 0x84, 0xf0, 0xb3, 0x05, 0xe5, 0x02,
  0x85, 0x66, 0xb3, 0x06, 0xd4, 0x40, 0x23, 0xb4, 0xb6, 0xfc, 0x83, 0x36,
  0x04, 0xf1, 0xb3, 0x05, 0xd5, 0x02, 0x85, 0x6a, 0xb3, 0x0a, 0x54, 0x41,
  0x23, 0xb4, 0xba, 0xfa, 0x33, 0x05, 0xc5, 0x02, 0x83, 0x35, 0x04, 0xf6,
  0xb3, 0x85, 0xb0, 0x02, 0x85, 0x6a, 0xb3, 0x0a, 0x54, 0x41, 0x23, 0xbc,
  0xba, 0x62, 0x83, 0x35, 0x84, 0xf6, 0xb3, 0x85, 0xb0, 0x02, 0x85, 0x6a,
  0xb3, 0x0a, 0x54, 0x41, 0x23, 0xbc, 0xba, 0x5e, 0x83, 0x35, 0x04, 0xf8,
  0xb3, 0x85, 0xb0, 0x02, 0x85, 0x6a, 0xb3, 0x0a, 0x54, 0x41, 0x23, 0xbc,
  0xba, 0x5a, 0x83, 0x3a, 0x04, 0xf9, 0xb3, 0x85, 0x50, 0x03, 0x23, 0x38,
  0xb4, 0xf4, 0xb3, 0x85, 0x70, 0x03, 0x23, 0x34, 0xb4, 0xf4, 0x83, 0x35,
  0x04, 0xf7, 0xb3, 0x85, 0xb0, 0x02, 0x85, 0x6a, 0xb3, 0x0a, 0x54, 0x41,
  0x23, 0xb4, 0xba, 0x50, 0xb3, 0x85, 0xb0, 0x03, 0x23, 0x30, 0xb4, 0xf4,
  0xb3, 0x85, 0x80, 0x03, 0x23, 0x3c, 0xb4, 0xf2, 0xb3, 0x85, 0xa0, 0x03,
  0x23, 0x30, 0xb4, 0xf2, 0x83, 0x35, 0x84, 0xf7, 0xb3, 0x85, 0xb0, 0x02,
  0x85, 0x6a, 0xb3, 0x0a, 0x54, 0x41, 0x23, 0xb0, 0xba, 0x42, 0x83, 0x35,
  0x84, 0xf2, 0xb3, 0x85, 0xb0, 0x02, 0x23, 0x34, 0xb4, 0xf2, 0x83, 0x35,
  0x04, 0xf3, 0xb3, 0x85, 0xb0, 0x02, 0x23, 0x30, 0xb4, 0xf6, 0x83, 0x35,
  0x84, 0xed, 0xb3, 0x85, 0xb0, 0x02, 0x23, 0x30, 0xb4, 0xf8, 0xb3, 0x85,
  0x60, 0x03, 0x23, 0x3c, 0xb4, 0xf6, 0xb3, 0x85, 0x40, 0x03, 0x23, 0x38,
  0xb4, 0xf6, 0xb3, 0x85, 0x90, 0x03, 0x23, 0x34, 0xb4, 0xf6, 0x33, 0x8c,
  0x30, 0x03, 0xb3, 0x8b, 0x20, 0x03, 0x33, 0x8b, 0x90, 0x02, 0xb3, 0x8a,
  0xf0, 0x03, 0x33, 0x8a, 0xe0, 0x03, 0xb3, 0x89, 0xd0, 0x03, 0x33, 0x89,
  0xc0, 0x03, 0xb3, 0x8f, 0x70, 0x02, 0x33, 0x83, 0x60, 0x02, 0x33, 0x8e,
  0x50, 0x02, 0xb3, 0x8e, 0x10, 0x03, 0x33, 0x88, 0x00, 0x03, 0xb3, 0x82,
  0xf0, 0x02, 0xb3, 0x83, 0xe0, 0x02, 0xb3, 0x87, 0xd0, 0x02, 0xb3, 0x80,
  0xc0, 0x02, 0x85, 0x65, 0xb3, 0x05, 0xb4, 0x40, 0x83, 0xb5, 0x05, 0x6d,
  0x83, 0x34, 0x84, 0x89, 0x05, 0x66, 0x33, 0x06, 0xc4, 0x40, 0x10, 0x6a,
  0xb2, 0x94, 0x23, 0x3c, 0x94, 0x88, 0x83, 0x34, 0x04, 0x8a, 0x05, 0x66,
  0x33, 0x06, 0xc4, 0x40, 0x30, 0x66, 0xb2, 0x94, 0x23, 0x30, 0x94, 0x8a,
  0x83, 0x34, 0x84, 0x8a, 0x05, 0x66, 0x33, 0x06, 0xc4, 0x40, 0x50, 0x62,
  0xb2, 0x94, 0x23, 0x34, 0x94, 0x8a, 0x83, 0x34, 0x04, 0x89, 0x05, 0x66,
  0x33, 0x06, 0xc4, 0x40, 0x50, 0x7e, 0xb2, 0x94, 0x23, 0x38, 0x94, 0x88,
  0x83, 0x34, 0x84, 0x82, 0x05, 0x66, 0x33, 0x06, 0xc4, 0x40, 0x70, 0x7a,
  0xb2, 0x94, 0x23, 0x34, 0x94, 0x82, 0x83, 0x34, 0x04, 0x82, 0x05, 0x66,
  0x33, 0x06, 0xc4, 0x40, 0x03, 0x36, 0x86, 0x12, 0xb2, 0x94, 0x23, 0x30,
  0x94, 0x82, 0x05, 0x66, 0x33, 0x06, 0xc4, 0x40, 0x83, 0x34, 0x86, 0x7f,
  0x05, 0x66, 0x33, 0x06, 0xc4, 0x40, 0x03, 0x36, 0x06, 0x16, 0xb2, 0x94,
  0x05, 0x66, 0x33, 0x06, 0xc4, 0x40, 0x23, 0x3c, 0x96, 0x7e, 0x05, 0x66,
  0x33, 0x06, 0xc4, 0x40, 0x83, 0x34, 0x06, 0x7f, 0x05, 0x66, 0x33, 0x06,
  0xc4, 0x40, 0x03, 0x36, 0x86, 0x19, 0xb2, 0x94, 0x05, 0x66, 0x33, 0x06,
  0xc4, 0x40, 0x23, 0x38, 0x96, 0x7e, 0x05, 0x66, 0x33, 0x06, 0xc4, 0x40,
  0x83, 0x34, 0x86, 0x7a, 0x05, 0x66, 0x33, 0x06, 0xc4, 0x40, 0x03, 0x36,
  0x06, 0x1d, 0xb2, 0x94, 0x05, 0x66, 0x33, 0x06, 0xc4, 0x40, 0x23, 0x34,
  0x96, 0x7a, 0x05, 0x66, 0x33, 0x06, 0xc4, 0x40, 0x83, 0x34, 0x06, 0x7a,
  0x05, 0x66, 0x33, 0x06, 0xc4, 0x40, 0x03, 0x36, 0x86, 0x20, 0xb2, 0x94,
  0x05, 0x66, 0x33, 0x06, 0xc4, 0x40, 0x23, 0x30, 0x96, 0x7a, 0x05, 0x66,
  0x33, 0x06, 0xc4, 0x40, 0x83, 0x34, 0x86, 0x77, 0x05, 0x66, 0x33, 0x06,
  0xc4, 0x40, 0x03, 0x36, 0x06, 0x24, 0xb2, 0x94, 0x05, 0x66, 0x33, 0x06,
  0xc4, 0x40, 0x23, 0x3c, 0x96, 0x76, 0x05, 0x66, 0x33, 0x06, 0xc4, 0x40,
  0x83, 0x34, 0x06, 0x77, 0x05, 0x66, 0x33, 0x06, 0xc4, 0x40, 0x03, 0x36,
  0x86, 0x27, 0xb2, 0x94, 0x05, 0x66, 0x33, 0x06, 0xc4, 0x40, 0x23, 0x38,
  0x96, 0x76, 0x05, 0x66, 0x33, 0x06, 0xc4, 0x40, 0x83, 0x34, 0x86, 0x76,
  0x05, 0x66, 0x33, 0x06, 0xc4, 0x40, 0x03, 0x36, 0x06, 0x2b, 0xb2, 0x94,
  0x05, 0x66, 0x33, 0x06, 0xc4, 0x40, 0x23, 0x34, 0x96, 0x76, 0x05, 0x66,
  0x33, 0x06, 0xc4, 0x40, 0x83, 0x34, 0x06, 0x76, 0x05, 0x66, 0x33, 0x06,
  0xc4, 0x40, 0x03, 0x36, 0x86, 0x2e, 0xb2, 0x94, 0x05, 0x66, 0x33, 0x06,
  0xc4, 0x40, 0x23, 0x30, 0x96, 0x76, 0x05, 0x66, 0x33, 0x06, 0xc4, 0x40,
  0x83, 0x34, 0x86, 0x75, 0x05, 0x66, 0x33, 0x06, 0xc4, 0x40, 0x03, 0x36,
  0x06, 0x32, 0xb2, 0x94, 0x05, 0x66, 0x33, 0x06, 0xc4, 0x40, 0x23, 0x3c,
  0x96, 0x74, 0x05, 0x66, 0x33, 0x06, 0xc4, 0x40, 0x83, 0x34, 0x06, 0x75,
  0x05, 0x66, 0x33, 0x06, 0xc4, 0x40, 0x03, 0x36, 0x86, 0x35, 0xb2, 0x94,
  0x05, 0x66, 0x33, 0x06, 0xc4, 0x40, 0x23, 0x38, 0x96, 0x74, 0x05, 0x66,
  0x33, 0x06, 0xc4, 0x40, 0x83, 0x34, 0x86, 0x74, 0x05, 0x66, 0x33, 0x06,
  0xc4, 0x40, 0x03, 0x36, 0x06, 0x39, 0xb2, 0x94, 0x05, 0x66, 0x33, 0x06,
  0xc4, 0x40, 0x23, 0x34, 0x96, 0x74, 0x05, 0x66, 0x33, 0x06, 0xc4, 0x40,
  0x83, 0x34, 0x06, 0x74, 0x05, 0x66, 0x33, 0x06, 0xc4, 0x40, 0x03, 0x36,
  0x86, 0x3c, 0xb2, 0x94, 0x05, 0x66, 0x33, 0x06, 0xc4, 0x40, 0x23, 0x30,
  0x96, 0x74, 0x05, 0x66, 0x33, 0x06, 0xc4, 0x40, 0x83, 0x34, 0x86, 0x73,
  0x05, 0x66, 0x33, 0x06, 0xc4, 0x40, 0x03, 0x36, 0x06, 0x40, 0xb2, 0x94,
  0x05, 0x66, 0x33, 0x06, 0xc4, 0x40, 0x23, 0x3c, 0x96, 0x72, 0x05, 0x66,
  0x33, 0x06, 0xc4, 0x40, 0x83, 0x34, 0x06, 0x73, 0x05, 0x66, 0x33, 0x06,
  0xc4, 0x40, 0x03, 0x36, 0x06, 0x44, 0xb2, 0x94, 0x05, 0x66, 0x33, 0x06,
  0xc4, 0x40, 0x23, 0x38, 0x96, 0x72, 0x05, 0x66, 0x33, 0x06, 0xc4, 0x40,
  0x83, 0x34, 0x86, 0x72, 0x05, 0x66, 0x33, 0x06, 0xc4, 0x40, 0x03, 0x36,
  0x86, 0x47, 0xb2, 0x94, 0x05, 0x66, 0x33, 0x06, 0xc4, 0x40, 0x23, 0x34,
  0x96, 0x72, 0x05, 0x66, 0x33, 0x06, 0xc4, 0x40, 0x83, 0x34, 0x06, 0x72,
  0x05, 0x66, 0x33, 0x06, 0xc4, 0x40, 0x03, 0x36, 0x06, 0x4b, 0xb2, 0x94,
  0x05, 0x66, 0x33, 0x06, 0xc4, 0x40, 0x23, 0x30, 0x96, 0x72, 0x05, 0x66,
  0x33, 0x06, 0xc4, 0x40, 0x83, 0x34, 0x86, 0x71, 0x05, 0x66, 0x33, 0x06,
  0xc4, 0x40, 0x03, 0x36, 0x86, 0x4e, 0xb2, 0x94, 0x05, 0x66, 0x33, 0x06,
  0xc4, 0x40, 0x23, 0x3c, 0x96, 0x70, 0x05, 0x66, 0x33, 0x06, 0xc4, 0x40,
  0x83, 0x34, 0x06, 0x71, 0x05, 0x66, 0x33, 0x06, 0xc4, 0x40, 0x03, 0x36,
  0x86, 0x52, 0xb2, 0x94, 0x05, 0x66, 0x33, 0x06, 0xc4, 0x40, 0x23, 0x38,
  0x96, 0x70, 0x05, 0x66, 0x33, 0x06, 0xc4, 0x40, 0x83, 0x34, 0x86, 0x70,
  0x05, 0x66, 0x33, 0x06, 0xc4, 0x40, 0x03, 0x36, 0x06, 0x56, 0xb2, 0x94,
  0x05, 0x66, 0x33, 0x06, 0xc4, 0x40, 0x23, 0x34, 0x96, 0x70, 0x05, 0x66,
  0x33, 0x06, 0xc4, 0x40, 0x83, 0x34, 0x06, 0x70, 0x05, 0x66, 0x33, 0x06,
  0xc4, 0x40, 0x03, 0x36, 0x86, 0x59, 0xb2, 0x94, 0x05, 0x66, 0x33, 0x06,
  0xc4, 0x40, 0x23, 0x30, 0x96, 0x70, 0x05, 0x66, 0x33, 0x06, 0xc4, 0x40,
  0x83, 0x34, 0x86, 0x6f, 0x05, 0x66, 0x33, 0x06, 0xc4, 0x40, 0x03, 0x36,
  0x86, 0x5d, 0xb2, 0x94, 0x05, 0x66, 0x33, 0x06, 0xc4, 0x40, 0x23, 0x3c,
  0x96, 0x6e, 0x05, 0x66, 0x33, 0x06, 0xc4, 0x40, 0x83, 0x34, 0x06, 0x6f,
  0x05, 0x66, 0x33, 0x06, 0xc4, 0x40, 0x03, 0x36, 0x86, 0x61, 0xb2, 0x94,
  0x05, 0x66, 0x33, 0x06, 0xc4, 0x40, 0x23, 0x38, 0x96, 0x6e, 0x05, 0x66,
  0x33, 0x06, 0xc4, 0x40, 0x03, 0x36, 0x86, 0x65, 0xb2, 0x95, 0x05, 0x66,
  0x33, 0x06, 0xc4, 0x40, 0x23, 0x38, 0xb6, 0x6c, 0x85, 0x65, 0xb3, 0x05,
  0xb4, 0x40, 0x83, 0xb5, 0x85, 0x6e, 0x05, 0x66, 0x33, 0x06, 0xc4, 0x40,
  0x03, 0x36, 0x06, 0x69, 0xb2, 0x95, 0x05, 0x66, 0x33, 0x06, 0xc4, 0x40,
  0x23, 0x34, 0xb6, 0x6e, 0x85, 0x65, 0xb3, 0x05, 0xb4, 0x40, 0x83, 0xb5,
  0x05, 0x6e, 0x05, 0x66, 0x33, 0x06, 0xc4, 0x40, 0x03, 0x36, 0x06, 0x6b,
  0xb2, 0x95, 0x05, 0x66, 0x33, 0x06, 0xc4, 0x40, 0x23, 0x30, 0xb6, 0x6e,
  0x85, 0x65, 0xb3, 0x05, 0xb4, 0x40, 0x83, 0xb5, 0x85, 0x6d, 0x05, 0x66,
  0x33, 0x06, 0xc4, 0x40, 0x03, 0x36, 0x06, 0x6c, 0xb2, 0x95, 0x05, 0x66,
  0x33, 0x06, 0xc4, 0x40, 0x23, 0x3c, 0xb6, 0x6c, 0x83, 0x35, 0x84, 0xf8,
  0x05, 0x66, 0x33, 0x06, 0xc4, 0x40, 0x03, 0x36, 0x86, 0x6c, 0x85, 0x66,
  0xb3, 0x06, 0xd4, 0x40, 0x83, 0xb4, 0x86, 0x79, 0x85, 0x66, 0xb3, 0x06,
  0xd4, 0x40, 0x03, 0xb7, 0x06, 0xff, 0xba, 0x94, 0x85, 0x66, 0xb3, 0x06,
  0xd4, 0x40, 0x23, 0xbc, 0x96, 0x78, 0x85, 0x66, 0xb3, 0x06, 0xd4, 0x40,
  0x83, 0xb4, 0x06, 0x79, 0x85, 0x66, 0xb3, 0x06, 0xd4, 0x40, 0x98, 0x76,
  0xba, 0x94, 0x85, 0x66, 0xb3, 0x06, 0xd4, 0x40, 0x23, 0xb8, 0x96, 0x78,
  0x85, 0x66, 0xb3, 0x06, 0xd4, 0x40, 0x83, 0xb4, 0x86, 0x78, 0x85, 0x66,
  0xb3, 0x06, 0xd4, 0x40, 0xb8, 0x72, 0xba, 0x94, 0x85, 0x66, 0xb3, 0x06,
  0xd4, 0x40, 0x23, 0xb4, 0x96, 0x78, 0x85, 0x66, 0xb3, 0x06, 0xd4, 0x40,
  0x83, 0xb4, 0x06, 0x78, 0x85, 0x66, 0xb3, 0x06, 0xd4, 0x40, 0xd8, 0x6e,
  0xba, 0x94, 0x85, 0x66, 0xb3, 0x06, 0xd4, 0x40, 0x23, 0xb0, 0x96, 0x78,
  0x85, 0x66, 0xb3, 0x06, 0xd4, 0x40, 0x83, 0xb4, 0x86, 0x7c, 0x85, 0x66,
  0xb3, 0x06, 0xd4, 0x40, 0xf8, 0x6a, 0xba, 0x94, 0x85, 0x66, 0xb3, 0x06,
  0xd4, 0x40, 0x23, 0xb4, 0x96, 0x7c, 0x85, 0x66, 0xb3, 0x06, 0xd4, 0x40,
  0x83, 0xb4, 0x06, 0x7c, 0x85, 0x66, 0xb3, 0x06, 0xd4, 0x40, 0x03, 0xb7,
  0x86, 0x10, 0xba, 0x94, 0x85, 0x66, 0xb3, 0x06, 0xd4, 0x40, 0x23, 0xb0,
  0x96, 0x7c, 0x85, 0x66, 0xb3, 0x06, 0xd4, 0x40, 0x83, 0xb4, 0x86, 0x7b,
  0x85, 0x66, 0xb3, 0x06, 0xd4, 0x40, 0x03, 0xb7, 0x06, 0x14, 0xba, 0x94,
  0x85, 0x66, 0xb3, 0x06, 0xd4, 0x40, 0x23, 0xbc, 0x96, 0x7a, 0x85, 0x66,
  0xb3, 0x06, 0xd4, 0x40, 0x83, 0xb4, 0x06, 0x7b, 0x85, 0x66, 0xb3, 0x06,
  0xd4, 0x40, 0x03, 0xb7, 0x86, 0x17, 0xba, 0x94, 0x85, 0x66, 0xb3, 0x06,
  0xd4, 0x40, 0x23, 0xb8, 0x96, 0x7a, 0x85, 0x66, 0xb3, 0x06, 0xd4, 0x40,
  0x83, 0xb4, 0x86, 0x7e, 0x85, 0x66, 0xb3, 0x06, 0xd4, 0x40, 0x03, 0xb7,
  0x06, 0x1b, 0xba, 0x94, 0x85, 0x66, 0xb3, 0x06, 0xd4, 0x40, 0x23, 0xb4,
  0x96, 0x7e, 0x85, 0x66, 0xb3, 0x06, 0xd4, 0x40, 0x83, 0xb4, 0x06, 0x7e,
  0x85, 0x66, 0xb3, 0x06, 0xd4, 0x40, 0x03, 0xb7, 0x86, 0x1e, 0xba, 0x94,
  0x85, 0x66, 0xb3, 0x06, 0xd4, 0x40, 0x23, 0xb0, 0x96, 0x7e, 0x85, 0x66,
  0xb3, 0x06, 0xd4, 0x40, 0x83, 0xb4, 0x86, 0x7d, 0x85, 0x66, 0xb3, 0x06,
  0xd4, 0x40, 0x03, 0xb7, 0x06, 0x22, 0xba, 0x94, 0x85, 0x66, 0xb3, 0x06,
  0xd4, 0x40, 0x23, 0xbc, 0x96, 0x7c, 0x85, 0x66, 0xb3, 0x06, 0xd4, 0x40,
  0x83, 0xb4, 0x06, 0x7d, 0x85, 0x66, 0xb3, 0x06, 0xd4, 0x40, 0x03, 0xb7,
  0x86, 0x25, 0xba, 0x94, 0x85, 0x66, 0xb3, 0x06, 0xd4, 0x40, 0x23, 0xb8,
  0x96, 0x7c, 0x83, 0x34, 0x84, 0x81, 0x85, 0x66, 0xb3, 0x06, 0xd4, 0x40,
  0x03, 0xb7, 0x06, 0x29, 0xba, 0x94, 0x23, 0x3c, 0x94, 0x80, 0x83, 0x34,
  0x04, 0x81, 0x85, 0x66, 0xb3, 0x06, 0xd4, 0x40, 0x03, 0xb7, 0x86, 0x2c,
  0xba, 0x94, 0x23, 0x38, 0x94, 0x80, 0x83, 0x34, 0x84, 0x80, 0x85, 0x66,
  0xb3, 0x06, 0xd4, 0x40, 0x03, 0xb7, 0x06, 0x30, 0xba, 0x94, 0x23, 0x34,
  0x94, 0x80, 0x83, 0x34, 0x04, 0x80, 0x85, 0x66, 0xb3, 0x06, 0xd4, 0x40,
  0x03, 0xb7, 0x86, 0x33, 0xba, 0x94, 0x23, 0x30, 0x94, 0x80, 0x83, 0x34,
  0x84, 0x84, 0x85, 0x66, 0xb3, 0x06, 0xd4, 0x40, 0x03, 0xb7, 0x06, 0x37,
  0xba, 0x94, 0x23, 0x34, 0x94, 0x84, 0x83, 0x34, 0x04, 0x84, 0x85, 0x66,
  0xb3, 0x06, 0xd4, 0x40, 0x03, 0xb7, 0x86, 0x3a, 0xba, 0x94, 0x23, 0x30,
  0x94, 0x84, 0x83, 0x34, 0x84, 0x83, 0x85, 0x66, 0xb3, 0x06, 0xd4, 0x40,
  0x03, 0xb7, 0x06, 0x3e, 0xba, 0x94, 0x23, 0x3c, 0x94, 0x82, 0x83, 0x34,
  0x04, 0x83, 0x85, 0x66, 0xb3, 0x06, 0xd4, 0x40, 0x03, 0xb7, 0x86, 0x41,
  0xba, 0x94, 0x23, 0x38, 0x94, 0x82, 0x83, 0x34, 0x84, 0x86, 0x85, 0x66,
  0xb3, 0x06, 0xd4, 0x40, 0x03, 0xb7, 0x86, 0x45, 0xba, 0x94, 0x23, 0x34,
  0x94, 0x86, 0x83, 0x34, 0x04, 0x86, 0x85, 0x66, 0xb3, 0x06, 0xd4, 0x40,
  0x03, 0xb7, 0x06, 0x49, 0xba, 0x94, 0x23, 0x30, 0x94, 0x86, 0x83, 0x34,
  0x84, 0x85, 0x85, 0x66, 0xb3, 0x06, 0xd4, 0x40, 0x03, 0xb7, 0x86, 0x4c,
  0xba, 0x94, 0x23, 0x3c, 0x94, 0x84, 0x83, 0x34, 0x04, 0x85, 0x85, 0x66,
  0xb3, 0x06, 0xd4, 0x40, 0x03, 0xb7, 0x06, 0x50, 0xba, 0x94, 0x23, 0x38,
  0x94, 0x84, 0x83, 0x34, 0x84, 0x88, 0x85, 0x66, 0xb3, 0x06, 0xd4, 0x40,
  0x03, 0xb7, 0x06, 0x54, 0xba, 0x94, 0x23, 0x34, 0x94, 0x88, 0x83, 0x34,
  0x04, 0x88, 0x85, 0x66, 0xb3, 0x06, 0xd4, 0x40, 0x03, 0xb7, 0x86, 0x57,
  0xba, 0x94, 0x23, 0x30, 0x94, 0x88, 0x83, 0x34, 0x84, 0x87, 0x85, 0x66,
  0xb3, 0x06, 0xd4, 0x40, 0x03, 0xb7, 0x06, 0x5b, 0xba, 0x94, 0x23, 0x3c,
  0x94, 0x86, 0x83, 0x34, 0x04, 0x87, 0x85, 0x66, 0xb3, 0x06, 0xd4, 0x40,
  0x03, 0xb7, 0x06, 0x5f, 0xba, 0x94, 0x23, 0x38, 0x94, 0x86, 0x83, 0x34,
  0x84, 0x8c, 0x85, 0x66, 0xb3, 0x06, 0xd4, 0x40, 0x03, 0xb7, 0x06, 0x63,
  0xba, 0x94, 0x23, 0x34, 0x94, 0x8c, 0x83, 0x34, 0x04, 0x8c, 0x85, 0x66,
  0xb3, 0x06, 0xd4, 0x40, 0x03, 0xb7, 0x06, 0x67, 0xba, 0x94, 0x23, 0x30,
  0x94, 0x8c, 0x83, 0x34, 0x84, 0x8b, 0x85, 0x66, 0xb3, 0x06, 0xd4, 0x40,
  0x03, 0xb7, 0x06, 0x6a, 0xba, 0x94, 0x23, 0x3c, 0x94, 0x8a, 0x83, 0x34,
  0x04, 0x8b, 0x85, 0x66, 0xb3, 0x06, 0xd4, 0x40, 0x03, 0xb7, 0x86, 0x6b,
  0xba, 0x94, 0x23, 0x38, 0x94, 0x8a, 0x83, 0x34, 0x84, 0x8e, 0x85, 0x66,
  0xb3, 0x06, 0xd4, 0x40, 0x03, 0xb7, 0x86, 0xfd, 0xba, 0x94, 0x23, 0x34,
  0x94, 0x8e, 0x83, 0x34, 0x04, 0x8e, 0x85, 0x66, 0xb3, 0x06, 0xd4, 0x40,
  0x98, 0x66, 0xba, 0x94, 0x23, 0x30, 0x94, 0x8e, 0x83, 0x34, 0x84, 0x8d,
  0x85, 0x66, 0xb3, 0x06, 0xd4, 0x40, 0xb8, 0x62, 0xba, 0x94, 0x23, 0x3c,
  0x94, 0x8c, 0x83, 0x34, 0x04, 0x8d, 0x85, 0x66, 0xb3, 0x06, 0xd4, 0x40,
  0xb8, 0x7e, 0xba, 0x94, 0x23, 0x38, 0x94, 0x8c, 0x83, 0x34, 0x84, 0x90,
  0x85, 0x66, 0xb3, 0x06, 0xd4, 0x40, 0xd8, 0x7a, 0xba, 0x94, 0x23, 0x34,
  0x94, 0x90, 0x83, 0x34, 0x04, 0x90, 0x85, 0x66, 0xb3, 0x06, 0xd4, 0x40,
  0xf8, 0x76, 0xba, 0x94, 0x23, 0x30, 0x94, 0x90, 0x83, 0x34, 0x84, 0x8f,
  0x85, 0x66, 0xb3, 0x06, 0xd4, 0x40, 0x03, 0xb7, 0x06, 0x12, 0xba, 0x94,
  0x23, 0x3c, 0x94, 0x8e, 0x83, 0x34, 0x04, 0x8f, 0x85, 0x66, 0xb3, 0x06,
  0xd4, 0x40, 0x03, 0xb7, 0x86, 0x15, 0xba, 0x94, 0x23, 0x38, 0x94, 0x8e,
  0x83, 0x34, 0x84, 0x92, 0x85, 0x66, 0xb3, 0x06, 0xd4, 0x40, 0x03, 0xb7,
  0x06, 0x19, 0xba, 0x94, 0x23, 0x34, 0x94, 0x92, 0x83, 0x34, 0x04, 0x92,
  0x85, 0x66, 0xb3, 0x06, 0xd4, 0x40, 0x03, 0xb7, 0x86, 0x1c, 0xba, 0x94,
  0x23, 0x30, 0x94, 0x92, 0x83, 0x34, 0x84, 0x91, 0x85, 0x66, 0xb3, 0x06,
  0xd4, 0x40, 0x03, 0xb7, 0x06, 0x20, 0xba, 0x94, 0x23, 0x3c, 0x94, 0x90,
  0x83, 0x34, 0x04, 0x91, 0x85, 0x66, 0xb3, 0x06, 0xd4, 0x40, 0x03, 0xb7,
  0x86, 0x23, 0xba, 0x94, 0x23, 0x38, 0x94, 0x90, 0x83, 0x34, 0x84, 0x94,
  0x85, 0x66, 0xb3, 0x06, 0xd4, 0x40, 0x03, 0xb7, 0x06, 0x27, 0xba, 0x94,
  0x23, 0x34, 0x94, 0x94, 0x83, 0x34, 0x04, 0x94, 0x85, 0x66, 0xb3, 0x06,
  0xd4, 0x40, 0x03, 0xb7, 0x86, 0x2a, 0xba, 0x94, 0x23, 0x30, 0x94, 0x94,
  0x83, 0x34, 0x84, 0x93, 0x85, 0x66, 0xb3, 0x06, 0xd4, 0x40, 0x03, 0xb7,
  0x06, 0x2e, 0xba, 0x94, 0x23, 0x3c, 0x94, 0x92, 0x83, 0x34, 0x04, 0x93,
  0x85, 0x66, 0xb3, 0x06, 0xd4, 0x40, 0x03, 0xb7, 0x86, 0x31, 0xba, 0x94,
  0x23, 0x38, 0x94, 0x92, 0x83, 0x34, 0x84, 0x96, 0x85, 0x66, 0xb3, 0x06,
  0xd4, 0x40, 0x03, 0xb7, 0x06, 0x35, 0xba, 0x94, 0x23, 0x34, 0x94, 0x96,
  0x83, 0x34, 0x04, 0x96, 0x85, 0x66, 0xb3, 0x06, 0xd4, 0x40, 0x03, 0xb7,
  0x86, 0x38, 0xba, 0x94, 0x23, 0x30, 0x94, 0x96, 0x83, 0x34, 0x84, 0x95,
  0x85, 0x66, 0xb3, 0x06, 0xd4, 0x40, 0x03, 0xb7, 0x06, 0x3c, 0xba, 0x94,
  0x23, 0x3c, 0x94, 0x94, 0x83, 0x34, 0x04, 0x95, 0x85, 0x66, 0xb3, 0x06,
  0xd4, 0x40, 0x03, 0xb7, 0x86, 0x3f, 0xba, 0x94, 0x23, 0x38, 0x94, 0x94,
  0x83, 0x34, 0x84, 0x98, 0x85, 0x66, 0xb3, 0x06, 0xd4, 0x40, 0x03, 0xb7,
  0x86, 0x43, 0xba, 0x94, 0x23, 0x34, 0x94, 0x98, 0x83, 0x34, 0x04, 0x98,
  0x85, 0x66, 0xb3, 0x06, 0xd4, 0x40, 0x03, 0xb7, 0x06, 0x47, 0xba, 0x94,
  0x23, 0x30, 0x94, 0x98, 0x83, 0x34, 0x84, 0x97, 0x85, 0x66, 0xb3, 0x06,
  0xd4, 0x40, 0x03, 0xb7, 0x86, 0x4a, 0xba, 0x94, 0x23, 0x3c, 0x94, 0x96,
  0x83, 0x34, 0x04, 0x97, 0x85, 0x66, 0xb3, 0x06, 0xd4, 0x40, 0x03, 0xb7,
  0x06, 0x4e, 0xba, 0x94, 0x23, 0x38, 0x94, 0x96, 0x83, 0x34, 0x84, 0x9a,
  0x85, 0x66, 0xb3, 0x06, 0xd4, 0x40, 0x03, 0xb7, 0x06, 0x52, 0xba, 0x94,
  0x23, 0x34, 0x94, 0x9a, 0x83, 0x34, 0x04, 0x9a, 0x85, 0x66, 0xb3, 0x06,
  0xd4, 0x40, 0x03, 0xb7, 0x86, 0x55, 0xba, 0x94, 0x23, 0x30, 0x94, 0x9a,
  0x83, 0x34, 0x84, 0x99, 0x85, 0x66, 0xb3, 0x06, 0xd4, 0x40, 0x03, 0xb7,
  0x06, 0x59, 0xba, 0x94, 0x23, 0x3c, 0x94, 0x98, 0x83, 0x34, 0x04, 0x99,
  0x85, 0x66, 0xb3, 0x06, 0xd4, 0x40, 0x03, 0xb7, 0x06, 0x5d, 0xba, 0x94,
  0x23, 0x38, 0x94, 0x98, 0x83, 0x34, 0x84, 0x9c, 0x85, 0x66, 0xb3, 0x06,
  0xd4, 0x40, 0x03, 0xb7, 0x06, 0x61, 0xba, 0x94, 0x23, 0x34, 0x94, 0x9c,
  0x83, 0x34, 0x04, 0x9c, 0x85, 0x66, 0xb3, 0x06, 0xd4, 0x40, 0x03, 0xb7,
  0x06, 0x65, 0xba, 0x94, 0x23, 0x30, 0x94, 0x9c, 0x83, 0x34, 0x84, 0x9b,
  0x85, 0x66, 0xb3, 0x06, 0xd4, 0x40, 0x03, 0xb7, 0x06, 0x68, 0xba, 0x94,
  0x23, 0x3c, 0x94, 0x9a, 0x83, 0x34, 0x04, 0x9b, 0x85, 0x66, 0xb3, 0x06,
  0xd4, 0x40, 0x03, 0xb7, 0x86, 0x6a, 0xba, 0x94, 0x23, 0x38, 0x94, 0x9a,
  0x83, 0x34, 0x84, 0x9e, 0x85, 0x66, 0xb3, 0x06, 0xd4, 0x40, 0x03, 0xb7,
  0x06, 0xfc, 0xba, 0x94, 0x23, 0x34, 0x94, 0x9e, 0x83, 0x34, 0x04, 0x9e,
  0x85, 0x66, 0xb3, 0x06, 0xd4, 0x40, 0x03, 0xb7, 0x86, 0xfe, 0xba, 0x94,
  0x23, 0x30, 0x94, 0x9e, 0x83, 0x34, 0x84, 0x9d, 0x85, 0x66, 0xb3, 0x06,
  0xd4, 0x40, 0x98, 0x72, 0xba, 0x94, 0x23, 0x3c, 0x94, 0x9c, 0x83, 0x34,
  0x04, 0x9d, 0x85, 0x66, 0xb3, 0x06, 0xd4, 0x40, 0xb8, 0x6e, 0xba, 0x94,
  0x23, 0x38, 0x94, 0x9c, 0x83, 0x34, 0x84, 0xa0, 0x85, 0x66, 0xb3, 0x06,
  0xd4, 0x40, 0xd8, 0x6a, 0xba, 0x94, 0x23, 0x34, 0x94, 0xa0, 0x83, 0x34,
  0x04, 0xa0, 0x85, 0x66, 0xb3, 0x06, 0xd4, 0x40, 0xf8, 0x66, 0xba, 0x94,
  0x23, 0x30, 0x94, 0xa0, 0x83, 0x34, 0x84, 0x9f, 0x85, 0x66, 0xb3, 0x06,
  0xd4, 0x40, 0x03, 0xb7, 0x06, 0x10, 0xba, 0x94, 0x23, 0x3c, 0x94, 0x9e,
  0x83, 0x34, 0x04, 0x9f, 0x85, 0x66, 0xb3, 0x06, 0xd4, 0x40, 0x03, 0xb7,
  0x86, 0x13, 0xba, 0x94, 0x23, 0x38, 0x94, 0x9e, 0x83, 0x34, 0x84, 0xa2,
  0x85, 0x66, 0xb3, 0x06, 0xd4, 0x40, 0x03, 0xb7, 0x06, 0x17, 0xba, 0x94,
  0x23, 0x34, 0x94, 0xa2, 0x83, 0x34, 0x04, 0xa2, 0x85, 0x66, 0xb3, 0x06,
  0xd4, 0x40, 0x03, 0xb7, 0x86, 0x1a, 0xba, 0x94, 0x23, 0x30, 0x94, 0xa2,
  0x83, 0x34, 0x84, 0xa1, 0x85, 0x66, 0xb3, 0x06, 0xd4, 0x40, 0x03, 0xb7,
  0x06, 0x1e, 0xba, 0x94, 0x23, 0x3c, 0x94, 0xa0, 0x83, 0x34, 0x04, 0xa1,
  0x85, 0x66, 0xb3, 0x06, 0xd4, 0x40, 0x03, 0xb7, 0x86, 0x21, 0xba, 0x94,
  0x23, 0x38, 0x94, 0xa0, 0x83, 0x34, 0x84, 0xa4, 0x85, 0x66, 0xb3, 0x06,
  0xd4, 0x40, 0x03, 0xb7, 0x06, 0x25, 0xba, 0x94, 0x23, 0x34, 0x94, 0xa4,
  0x83, 0x34, 0x04, 0xa4, 0x85, 0x66, 0xb3, 0x06, 0xd4, 0x40, 0x03, 0xb7,
  0x86, 0x28, 0xba, 0x94, 0x23, 0x30, 0x94, 0xa4, 0x83, 0x34, 0x84, 0xa3,
  0x85, 0x66, 0xb3, 0x06, 0xd4, 0x40, 0x03, 0xb7, 0x06, 0x2c, 0xba, 0x94,
  0x23, 0x3c, 0x94, 0xa2, 0x83, 0x34, 0x04, 0xa3, 0x85, 0x66, 0xb3, 0x06,
  0xd4, 0x40, 0x03, 0xb7, 0x86, 0x2f, 0xba, 0x94, 0x23, 0x38, 0x94, 0xa2,
  0x83, 0x34, 0x84, 0xa6, 0x85, 0x66, 0xb3, 0x06, 0xd4, 0x40, 0x03, 0xb7,
  0x06, 0x33, 0xba, 0x94, 0x23, 0x34, 0x94, 0xa6, 0x83, 0x34, 0x04, 0xa6,
  0x85, 0x66, 0xb3, 0x06, 0xd4, 0x40, 0x03, 0xb7, 0x86, 0x36, 0xba, 0x94,
  0x23, 0x30, 0x94, 0xa6, 0x83, 0x34, 0x84, 0xa5, 0x85, 0x66, 0xb3, 0x06,
  0xd4, 0x40, 0x03, 0xb7, 0x06, 0x3a, 0xba, 0x94, 0x23, 0x3c, 0x94, 0xa4,
  0x83, 0x34, 0x04, 0xa5, 0x85, 0x66, 0xb3, 0x06, 0xd4, 0x40, 0x03, 0xb7,
  0x86, 0x3d, 0xba, 0x94, 0x23, 0x38, 0x94, 0xa4, 0x83, 0x34, 0x84, 0xa8,
  0x85, 0x66, 0xb3, 0x06, 0xd4, 0x40, 0x03, 0xb7, 0x06, 0x41, 0xba, 0x94,
  0x23, 0x34, 0x94, 0xa8, 0x83, 0x34, 0x04, 0xa8, 0x85, 0x66, 0xb3, 0x06,
  0xd4, 0x40, 0x03, 0xb7, 0x06, 0x45, 0xba, 0x94, 0x23, 0x30, 0x94, 0xa8,
  0x83, 0x34, 0x84, 0xa7, 0x85, 0x66, 0xb3, 0x06, 0xd4, 0x40, 0x03, 0xb7,
  0x86, 0x48, 0xba, 0x94, 0x23, 0x3c, 0x94, 0xa6, 0x83, 0x34, 0x04, 0xa7,
  0x85, 0x66, 0xb3, 0x06, 0xd4, 0x40, 0x03, 0xb7, 0x06, 0x4c, 0xba, 0x94,
  0x23, 0x38, 0x94, 0xa6, 0x83, 0x34, 0x84, 0xaa, 0x85, 0x66, 0xb3, 0x06,
  0xd4, 0x40, 0x03, 0xb7, 0x86, 0x4f, 0xba, 0x94, 0x23, 0x34, 0x94, 0xaa,
  0x83, 0x34, 0x04, 0xaa, 0x85, 0x66, 0xb3, 0x06, 0xd4, 0x40, 0x03, 0xb7,
  0x86, 0x53, 0xba, 0x94, 0x23, 0x30, 0x94, 0xaa, 0x83, 0x34, 0x84, 0xa9,
  0x85, 0x66, 0xb3, 0x06, 0xd4, 0x40, 0x03, 0xb7, 0x06, 0x57, 0xba, 0x94,
  0x23, 0x3c, 0x94, 0xa8, 0x83, 0x34, 0x04, 0xa9, 0x85, 0x66, 0xb3, 0x06,
  0xd4, 0x40, 0x03, 0xb7, 0x86, 0x5a, 0xba, 0x94, 0x23, 0x38, 0x94, 0xa8,
  0x83, 0x34, 0x84, 0xac, 0x85, 0x66, 0xb3, 0x06, 0xd4, 0x40, 0x03, 0xb7,
  0x86, 0x5e, 0xba, 0x94, 0x23, 0x34, 0x94, 0xac, 0x83, 0x34, 0x04, 0xac,
  0x85, 0x66, 0xb3, 0x06, 0xd4, 0x40, 0x03, 0xb7, 0x86, 0x62, 0xba, 0x94,
  0x23, 0x30, 0x94, 0xac, 0x83, 0x34, 0x84, 0xab, 0x85, 0x66, 0xb3, 0x06,
  0xd4, 0x40, 0x03, 0xb7, 0x86, 0x66, 0xba, 0x94, 0x23, 0x3c, 0x94, 0xaa,
  0x83, 0x34, 0x04, 0xab, 0x85, 0x66, 0xb3, 0x06, 0xd4, 0x40, 0x03, 0xb7,
  0x86, 0x69, 0xba, 0x94, 0x23, 0x38, 0x94, 0xaa, 0x83, 0x34, 0x84, 0xec,
  0x85, 0x66, 0xb3, 0x06, 0xd4, 0x40, 0x03, 0xb7, 0x06, 0xfb, 0xba, 0x94,
  0x23, 0x34, 0x94, 0xec, 0x83, 0x34, 0x04, 0xec, 0x85, 0x66, 0xb3, 0x06,
  0xd4, 0x40, 0x03, 0xb7, 0x06, 0xfd, 0xba, 0x94, 0x23, 0x30, 0x94, 0xec,
  0x83, 0x34, 0x84, 0xeb, 0x85, 0x66, 0xb3, 0x06, 0xd4, 0x40, 0x98, 0x62,
  0xba, 0x94, 0x23, 0x3c, 0x94, 0xea, 0x83, 0x34, 0x04, 0xeb, 0x85, 0x66,
  0xb3, 0x06, 0xd4, 0x40, 0x98, 0x7e, 0xba, 0x94, 0x23, 0x38, 0x94, 0xea,
  0x83, 0x34, 0x84, 0xea, 0x85, 0x66, 0xb3, 0x06, 0xd4, 0x40, 0xb8, 0x7a,
  0xba, 0x94, 0x23, 0x34, 0x94, 0xea, 0x83, 0x34, 0x04, 0xea, 0x85, 0x66,
  0xb3, 0x06, 0xd4, 0x40, 0xd8, 0x76, 0xba, 0x94, 0x23, 0x30, 0x94, 0xea,
  0x83, 0x34, 0x84, 0xe9, 0x85, 0x66, 0xb3, 0x06, 0xd4, 0x40, 0xf8, 0x72,
  0xba, 0x94, 0x23, 0x3c, 0x94, 0xe8, 0x83, 0x34, 0x04, 0xe9, 0x85, 0x66,
  0xb3, 0x06, 0xd4, 0x40, 0x03, 0xb7, 0x86, 0x11, 0xba, 0x94, 0x23, 0x38,
  0x94, 0xe8, 0x83, 0x34, 0x84, 0xe8, 0x85, 0x66, 0xb3, 0x06, 0xd4, 0x40,
  0x03, 0xb7, 0x06, 0x15, 0xba, 0x94, 0x23, 0x34, 0x94, 0xe8, 0x83, 0x34,
  0x04, 0xe8, 0x85, 0x66, 0xb3, 0x06, 0xd4, 0x40, 0x03, 0xb7, 0x86, 0x18,
  0xba, 0x94, 0x23, 0x30, 0x94, 0xe8, 0x83, 0x34, 0x84, 0xe7, 0x85, 0x66,
  0xb3, 0x06, 0xd4, 0x40, 0x03, 0xb7, 0x06, 0x1c, 0xba, 0x94, 0x23, 0x3c,
  0x94, 0xe6, 0x83, 0x34, 0x04, 0xe7, 0x85, 0x66, 0xb3, 0x06, 0xd4, 0x40,
  0x03, 0xb7, 0x86, 0x1f, 0xba, 0x94, 0x23, 0x38, 0x94, 0xe6, 0x83, 0x34,
  0x84, 0xe6, 0x85, 0x66, 0xb3, 0x06, 0xd4, 0x40, 0x03, 0xb7, 0x06, 0x23,
  0xba, 0x94, 0x23, 0x34, 0x94, 0xe6, 0x83, 0x34, 0x04, 0xe6, 0x85, 0x66,
  0xb3, 0x06, 0xd4, 0x40, 0x03, 0xb7, 0x86, 0x26, 0xba, 0x94, 0x23, 0x30,
  0x94, 0xe6, 0x83, 0x34, 0x84, 0xe5, 0x85, 0x66, 0xb3, 0x06, 0xd4, 0x40,
  0x03, 0xb7, 0x06, 0x2a, 0xba, 0x94, 0x23, 0x3c, 0x94, 0xe4, 0x83, 0x34,
  0x04, 0xe5, 0x85, 0x66, 0xb3, 0x06, 0xd4, 0x40, 0x03, 0xb7, 0x86, 0x2d,
  0xba, 0x94, 0x23, 0x38, 0x94, 0xe4, 0x83, 0x34, 0x84, 0xe4, 0x85, 0x66,
  0xb3, 0x06, 0xd4, 0x40, 0x03, 0xb7, 0x06, 0x31, 0xba, 0x94, 0x23, 0x34,
  0x94, 0xe4, 0x83, 0x34, 0x04, 0xe4, 0x85, 0x66, 0xb3, 0x06, 0xd4, 0x40,
  0x03, 0xb7, 0x86, 0x34, 0xba, 0x94, 0x23, 0x30, 0x94, 0xe4, 0x83, 0x34,
  0x84, 0xe3, 0x85, 0x66, 0xb3, 0x06, 0xd4, 0x40, 0x03, 0xb7, 0x06, 0x38,
  0xba, 0x94, 0x23, 0x3c, 0x94, 0xe2, 0x83, 0x34, 0x04, 0xe3, 0x85, 0x66,
  0xb3, 0x06, 0xd4, 0x40, 0x03, 0xb7, 0x86, 0x3b, 0xba, 0x94, 0x23, 0x38,
  0x94, 0xe2, 0x83, 0x34, 0x84, 0xe2, 0x85, 0x66, 0xb3, 0x06, 0xd4, 0x40,
  0x03, 0xb7, 0x06, 0x3f, 0xba, 0x94, 0x23, 0x34, 0x94, 0xe2, 0x83, 0x34,
  0x04, 0xe2, 0x85, 0x66, 0xb3, 0x06, 0xd4, 0x40, 0x03, 0xb7, 0x06, 0x43,
  0xba, 0x94, 0x23, 0x30, 0x94, 0xe2, 0x83, 0x34, 0x84, 0xe1, 0x85, 0x66,
  0xb3, 0x06, 0xd4, 0x40, 0x03, 0xb7, 0x86, 0x46, 0xba, 0x94, 0x23, 0x3c,
  0x94, 0xe0, 0x83, 0x34, 0x04, 0xe1, 0x85, 0x66, 0xb3, 0x06, 0xd4, 0x40,
  0x03, 0xb7, 0x06, 0x4a, 0xba, 0x94, 0x23, 0x38, 0x94, 0xe0, 0x83, 0x34,
  0x84, 0xe0, 0x85, 0x66, 0xb3, 0x06, 0xd4, 0x40, 0x03, 0xb7, 0x86, 0x4d,
  0xba, 0x94, 0x23, 0x34, 0x94, 0xe0, 0x83, 0x34, 0x04, 0xe0, 0x85, 0x66,
  0xb3, 0x06, 0xd4, 0x40, 0x03, 0xb7, 0x86, 0x51, 0xba, 0x94, 0x23, 0x30,
  0x94, 0xe0, 0x83, 0x34, 0x84, 0xdf, 0x85, 0x66, 0xb3, 0x06, 0xd4, 0x40,
  0x03, 0xb7, 0x06, 0x55, 0xba, 0x94, 0x23, 0x3c, 0x94, 0xde, 0x83, 0x34,
  0x04, 0xdf, 0x85, 0x66, 0xb3, 0x06, 0xd4, 0x40, 0x03, 0xb7, 0x86, 0x58,
  0xba, 0x94, 0x23, 0x38, 0x94, 0xde, 0x83, 0x34, 0x84, 0xde, 0x85, 0x66,
  0xb3, 0x06, 0xd4, 0x40, 0x03, 0xb7, 0x86, 0x5c, 0xba, 0x94, 0x23, 0x34,
  0x94, 0xde, 0x83, 0x34, 0x04, 0xde, 0x85, 0x66, 0xb3, 0x06, 0xd4, 0x40,
  0x03, 0xb7, 0x86, 0x60, 0xba, 0x94, 0x23, 0x30, 0x94, 0xde, 0x83, 0x34,
  0x84, 0xdd, 0x85, 0x66, 0xb3, 0x06, 0xd4, 0x40, 0x03, 0xb7, 0x86, 0x64,
  0xba, 0x94, 0x23, 0x3c, 0x94, 0xdc, 0x83, 0x34, 0x04, 0xdd, 0x85, 0x66,
  0xb3, 0x06, 0xd4, 0x40, 0x03, 0xb7, 0x86, 0x67, 0xba, 0x94, 0x23, 0x38,
  0x94, 0xdc, 0x83, 0x34, 0x84, 0xdc, 0x85, 0x66, 0xb3, 0x06, 0xd4, 0x40,
  0x03, 0xb7, 0x06, 0xfa, 0xba, 0x94, 0x23, 0x34, 0x94, 0xdc, 0x83, 0x34,
  0x04, 0xdc, 0x85, 0x66, 0xb3, 0x06, 0xd4, 0x40, 0x03, 0xb7, 0x86, 0xfb,
  0xba, 0x94, 0x23, 0x30, 0x94, 0xdc, 0x83, 0x34, 0x84, 0xdb, 0x85, 0x66,
  0xb3, 0x06, 0xd4, 0x40, 0x03, 0xb7, 0x06, 0xfe, 0xba, 0x94, 0x23, 0x3c,
  0x94, 0xda, 0x83, 0x34, 0x04, 0xdb, 0x85, 0x66, 0xb3, 0x06, 0xd4, 0x40,
  0x98, 0x6e, 0xba, 0x94, 0x23, 0x38, 0x94, 0xda, 0x83, 0x34, 0x84, 0xda,
  0x85, 0x66, 0xb3, 0x06, 0xd4, 0x40, 0xb8, 0x6a, 0xba, 0x94, 0x23, 0x34,
  0x94, 0xda, 0x83, 0x34, 0x04, 0xda, 0x85, 0x66, 0xb3, 0x06, 0xd4, 0x40,
  0xd8, 0x66, 0xba, 0x94, 0x23, 0x30, 0x94, 0xda, 0x83, 0x34, 0x84, 0xd9,
  0x85, 0x66, 0xb3, 0x06, 0xd4, 0x40, 0xf8, 0x62, 0xba, 0x94, 0x23, 0x3c,
  0x94, 0xd8, 0x83, 0x34, 0x04, 0xd9, 0x85, 0x66, 0xb3, 0x06, 0xd4, 0x40,
  0xf8, 0x7e, 0xba, 0x94, 0x23, 0x38, 0x94, 0xd8, 0x83, 0x34, 0x84, 0xd8,
  0x85, 0x66, 0xb3, 0x06, 0xd4, 0x40, 0x03, 0xb7, 0x06, 0x13, 0xba, 0x94,
  0x23, 0x34, 0x94, 0xd8, 0x83, 0x34, 0x04, 0xd8, 0x85, 0x66, 0xb3, 0x06,
  0xd4, 0x40, 0x03, 0xb7, 0x86, 0x16, 0xba, 0x94, 0x23, 0x30, 0x94, 0xd8,
  0x83, 0x34, 0x84, 0xd7, 0x85, 0x66, 0xb3, 0x06, 0xd4, 0x40, 0x03, 0xb7,
  0x06, 0x1a, 0xba, 0x94, 0x23, 0x3c, 0x94, 0xd6, 0x83, 0x34, 0x04, 0xd7,
  0x85, 0x66, 0xb3, 0x06, 0xd4, 0x40, 0x03, 0xb7, 0x86, 0x1d, 0xba, 0x94,
  0x23, 0x38, 0x94, 0xd6, 0x83, 0x34, 0x84, 0xd6, 0x85, 0x66, 0xb3, 0x06,
  0xd4, 0x40, 0x03, 0xb7, 0x06, 0x21, 0xba, 0x94, 0x23, 0x34, 0x94, 0xd6,
  0x83, 0x34, 0x04, 0xd6, 0x85, 0x66, 0xb3, 0x06, 0xd4, 0x40, 0x03, 0xb7,
  0x86, 0x24, 0xba, 0x94, 0x23, 0x30, 0x94, 0xd6, 0x83, 0x34, 0x84, 0xd5,
  0x85, 0x66, 0xb3, 0x06, 0xd4, 0x40, 0x03, 0xb7, 0x06, 0x28, 0xba, 0x94,
  0x23, 0x3c, 0x94, 0xd4, 0x83, 0x34, 0x04, 0xd5, 0x85, 0x66, 0xb3, 0x06,
  0xd4, 0x40, 0x03, 0xb7, 0x86, 0x2b, 0xba, 0x94, 0x23, 0x38, 0x94, 0xd4,
  0x83, 0x34, 0x84, 0xd4, 0x85, 0x66, 0xb3, 0x06, 0xd4, 0x40, 0x03, 0xb7,
  0x06, 0x2f, 0xba, 0x94, 0x23, 0x34, 0x94, 0xd4, 0x83, 0x34, 0x04, 0xd4,
  0x85, 0x66, 0xb3, 0x06, 0xd4, 0x40, 0x03, 0xb7, 0x86, 0x32, 0xba, 0x94,
  0x23, 0x30, 0x94, 0xd4, 0x83, 0x34, 0x84, 0xd3, 0x85, 0x66, 0xb3, 0x06,
  0xd4, 0x40, 0x03, 0xb7, 0x06, 0x36, 0xba, 0x94, 0x23, 0x3c, 0x94, 0xd2,
  0x83, 0x34, 0x04, 0xd3, 0x85, 0x66, 0xb3, 0x06, 0xd4, 0x40, 0x03, 0xb7,
  0x86, 0x39, 0xba, 0x94, 0x23, 0x38, 0x94, 0xd2, 0x83, 0x34, 0x84, 0xd2,
  0x85, 0x66, 0xb3, 0x06, 0xd4, 0x40, 0x03, 0xb7, 0x06, 0x3d, 0xba, 0x94,
  0x23, 0x34, 0x94, 0xd2, 0x83, 0x34, 0x04, 0xd2, 0x85, 0x66, 0xb3, 0x06,
  0xd4, 0x40, 0x03, 0xb7, 0x86, 0x40, 0xba, 0x94, 0x23, 0x30, 0x94, 0xd2,
  0x83, 0x34, 0x84, 0xd1, 0x85, 0x66, 0xb3, 0x06, 0xd4, 0x40, 0x03, 0xb7,
  0x86, 0x44, 0xba, 0x94, 0x23, 0x3c, 0x94, 0xd0, 0x83, 0x34, 0x04, 0xd1,
  0x85, 0x66, 0xb3, 0x06, 0xd4, 0x40, 0x03, 0xb7, 0x06, 0x48, 0xba, 0x94,
  0x23, 0x38, 0x94, 0xd0, 0x83, 0x34, 0x84, 0xd0, 0x85, 0x66, 0xb3, 0x06,
  0xd4, 0x40, 0x03, 0xb7, 0x86, 0x4b, 0xba, 0x94, 0x23, 0x34, 0x94, 0xd0,
  0x83, 0x34, 0x04, 0xd0, 0x85, 0x66, 0xb3, 0x06, 0xd4, 0x40, 0x03, 0xb7,
  0x06, 0x4f, 0xba, 0x94, 0x23, 0x30, 0x94, 0xd0, 0x83, 0x34, 0x84, 0xcf,
  0x85, 0x66, 0xb3, 0x06, 0xd4, 0x40, 0x03, 0xb7, 0x06, 0x53, 0xba, 0x94,
  0x23, 0x3c, 0x94, 0xce, 0x83, 0x34, 0x04, 0xcf, 0x85, 0x66, 0xb3, 0x06,
  0xd4, 0x40, 0x03, 0xb7, 0x86, 0x56, 0xba, 0x94, 0x23, 0x38, 0x94, 0xce,
  0x83, 0x34, 0x84, 0xce, 0x85, 0x66, 0xb3, 0x06, 0xd4, 0x40, 0x03, 0xb7,
  0x06, 0x5a, 0xba, 0x94, 0x23, 0x34, 0x94, 0xce, 0x83, 0x34, 0x04, 0xce,
  0x85, 0x66, 0xb3, 0x06, 0xd4, 0x40, 0x03, 0xb7, 0x06, 0x5e, 0xba, 0x94,
  0x23, 0x30, 0x94, 0xce, 0x83, 0x34, 0x84, 0xcd, 0x85, 0x66, 0xb3, 0x06,
  0xd4, 0x40, 0x03, 0xb7, 0x06, 0x62, 0xba, 0x94, 0x23, 0x3c, 0x94, 0xcc,
  0x83, 0x34, 0x04, 0xcd, 0x85, 0x66, 0xb3, 0x06, 0xd4, 0x40, 0x03, 0xb7,
  0x06, 0x66, 0xba, 0x94, 0x23, 0x38, 0x94, 0xcc, 0x83, 0x34, 0x84, 0xcc,
  0xaa, 0x94, 0x23, 0x34, 0x94, 0xcc, 0x03, 0x35, 0x04, 0xcc, 0x85, 0x66,
  0xb3, 0x06, 0xd4, 0x40, 0x03, 0xb7, 0x86, 0xfa, 0x3a, 0x95, 0x23, 0x30,
  0xa4, 0xcc, 0x03, 0x35, 0x84, 0xcb, 0x85, 0x66, 0xb3, 0x06, 0xd4, 0x40,
  0x03, 0xb7, 0x86, 0xfc, 0x3a, 0x95, 0x23, 0x3c, 0xa4, 0xca, 0x03, 0x35,
  0x04, 0xcb, 0x85, 0x66, 0xb3, 0x06, 0xd4, 0x40, 0x03, 0xb7, 0x86, 0xff,
  0x3a, 0x95, 0x23, 0x38, 0xa4, 0xca, 0x03, 0x35, 0x84, 0xca, 0x85, 0x66,
  0xb3, 0x06, 0xd4, 0x40, 0x98, 0x7a, 0x3a, 0x95, 0x23, 0x34, 0xa4, 0xca,
  0x03, 0x35, 0x04, 0xca, 0x85, 0x66, 0xb3, 0x06, 0xd4, 0x40, 0xb8, 0x76,
  0x3a, 0x95, 0x23, 0x30, 0xa4, 0xca, 0x03, 0x35, 0x84, 0xc9, 0x85, 0x66,
  0xb3, 0x06, 0xd4, 0x40, 0xd8, 0x72, 0x3a, 0x95, 0x23, 0x3c, 0xa4, 0xc8,
  0x03, 0x35, 0x04, 0xc9, 0x85, 0x66, 0xb3, 0x06, 0xd4, 0x40, 0xf8, 0x6e,
  0x3a, 0x95, 0x23, 0x38, 0xa4, 0xc8, 0x03, 0x35, 0x84, 0xc8, 0x85, 0x66,
  0xb3, 0x06, 0xd4, 0x40, 0x03, 0xb7, 0x06, 0x11, 0x3a, 0x95, 0x23, 0x34,
  0xa4, 0xc8, 0x03, 0x35, 0x04, 0xc8, 0x85, 0x66, 0xb3, 0x06, 0xd4, 0x40,
  0x03, 0xb7, 0x86, 0x14, 0x3a, 0x95, 0x23, 0x30, 0xa4, 0xc8, 0x03, 0x35,
  0x84, 0xc7, 0x85, 0x66, 0xb3, 0x06, 0xd4, 0x40, 0x03, 0xb7, 0x06, 0x18,
  0x3a, 0x95, 0x23, 0x3c, 0xa4, 0xc6, 0x03, 0x35, 0x04, 0xc7, 0x85, 0x66,
  0xb3, 0x06, 0xd4, 0x40, 0x03, 0xb7, 0x86, 0x1b, 0x3a, 0x95, 0x23, 0x38,
  0xa4, 0xc6, 0x03, 0x35, 0x84, 0xc6, 0x85, 0x66, 0xb3, 0x06, 0xd4, 0x40,
  0x03, 0xb7, 0x06, 0x1f, 0x3a, 0x95, 0x23, 0x34, 0xa4, 0xc6, 0x03, 0x35,
  0x04, 0xc6, 0x85, 0x66, 0xb3, 0x06, 0xd4, 0x40, 0x03, 0xb7, 0x86, 0x22,
  0x3a, 0x95, 0x23, 0x30, 0xa4, 0xc6, 0x03, 0x35, 0x84, 0xc5, 0x85, 0x66,
  0xb3, 0x06, 0xd4, 0x40, 0x03, 0xb7, 0x06, 0x26, 0x3a, 0x95, 0x23, 0x3c,
  0xa4, 0xc4, 0x03, 0x35, 0x04, 0xc5, 0x85, 0x66, 0xb3, 0x06, 0xd4, 0x40,
  0x03, 0xb7, 0x86, 0x29, 0x3a, 0x95, 0x23, 0x38, 0xa4, 0xc4, 0x03, 0x35,
  0x84, 0xc4, 0x85, 0x66, 0xb3, 0x06, 0xd4, 0x40, 0x03, 0xb7, 0x06, 0x2d,
  0x3a, 0x95, 0x23, 0x34, 0xa4, 0xc4, 0x03, 0x35, 0x04, 0xc4, 0x85, 0x66,
  0xb3, 0x06, 0xd4, 0x40, 0x03, 0xb7, 0x86, 0x30, 0x3a, 0x95, 0x23, 0x30,
  0xa4, 0xc4, 0x03, 0x35, 0x84, 0xc3, 0x85, 0x66, 0xb3, 0x06, 0xd4, 0x40,
  0x03, 0xb7, 0x06, 0x34, 0x3a, 0x95, 0x23, 0x3c, 0xa4, 0xc2, 0x03, 0x35,
  0x04, 0xc3, 0x85, 0x66, 0xb3, 0x06, 0xd4, 0x40, 0x03, 0xb7, 0x86, 0x37,
  0x3a, 0x95, 0x23, 0x38, 0xa4, 0xc2, 0x03, 0x35, 0x84, 0xc2, 0x85, 0x66,
  0xb3, 0x06, 0xd4, 0x40, 0x03, 0xb7, 0x06, 0x3b, 0x3a, 0x95, 0x23, 0x34,
  0xa4, 0xc2, 0x03, 0x35, 0x04, 0xc2, 0x85, 0x66, 0xb3, 0x06, 0xd4, 0x40,
  0x03, 0xb7, 0x86, 0x3e, 0x3a, 0x95, 0x23, 0x30, 0xa4, 0xc2, 0x03, 0x35,
  0x84, 0xc1, 0x85, 0x66, 0xb3, 0x06, 0xd4, 0x40, 0x03, 0xb7, 0x86, 0x42,
  0x3a, 0x95, 0x23, 0x3c, 0xa4, 0xc0, 0x03, 0x35, 0x04, 0xc1, 0x85, 0x66,
  0xb3, 0x06, 0xd4, 0x40, 0x03, 0xb7, 0x06, 0x46, 0x3a, 0x95, 0x23, 0x38,
  0xa4, 0xc0, 0x03, 0x35, 0x84, 0xc0, 0x85, 0x66, 0xb3, 0x06, 0xd4, 0x40,
  0x03, 0xb7, 0x86, 0x49, 0x3a, 0x95, 0x23, 0x34, 0xa4, 0xc0, 0x03, 0x35,
  0x04, 0xc0, 0x85, 0x66, 0xb3, 0x06, 0xd4, 0x40, 0x03, 0xb7, 0x06, 0x4d,
  0x3a, 0x95, 0x23, 0x30, 0xa4, 0xc0, 0x03, 0x35, 0x84, 0xbf, 0x85, 0x66,
  0xb3, 0x06, 0xd4, 0x40, 0x03, 0xb7, 0x06, 0x51, 0x3a, 0x95, 0x23, 0x3c,
  0xa4, 0xbe, 0x03, 0x35, 0x04, 0xbf, 0x85, 0x66, 0xb3, 0x06, 0xd4, 0x40,
  0x03, 0xb7, 0x86, 0x54, 0x3a, 0x95, 0x23, 0x38, 0xa4, 0xbe, 0x03, 0x35,
  0x84, 0xbe, 0x85, 0x66, 0xb3, 0x06, 0xd4, 0x40, 0x03, 0xb7, 0x06, 0x58,
  0x3a, 0x95, 0x23, 0x34, 0xa4, 0xbe, 0x03, 0x35, 0x04, 0xbe, 0x85, 0x66,
  0xb3, 0x06, 0xd4, 0x40, 0x03, 0xb7, 0x06, 0x5c, 0x3a, 0x95, 0x23, 0x30,
  0xa4, 0xbe, 0x03, 0x35, 0x84, 0xbd, 0x85, 0x66, 0xb3, 0x06, 0xd4, 0x40,
  0x03, 0xb7, 0x06, 0x60, 0x3a, 0x95, 0x23, 0x3c, 0xa4, 0xbc, 0x03, 0x35,
  0x04, 0xbd, 0x85, 0x66, 0xb3, 0x06, 0xd4, 0x40, 0x03, 0xb7, 0x06, 0x64,
  0x3a, 0x95, 0x23, 0x38, 0xa4, 0xbc, 0x03, 0x35, 0x84, 0xbc, 0x06, 0x95,
  0x23, 0x34, 0xa4, 0xbc, 0x03, 0x35, 0x04, 0xbc, 0x3e, 0x95, 0x23, 0x30,
  0xa4, 0xbc, 0x03, 0x35, 0x84, 0xbb, 0x1e, 0x95, 0x23, 0x3c, 0xa4, 0xba,
  0x03, 0x35, 0x04, 0xbb, 0x16, 0x95, 0x23, 0x38, 0xa4, 0xba, 0x03, 0x35,
  0x84, 0xba, 0x42, 0x95, 0x23, 0x34, 0xa4, 0xba, 0x03, 0x35, 0x04, 0xba,
  0x76, 0x95, 0x23, 0x30, 0xa4, 0xba, 0x03, 0x35, 0x84, 0xb9, 0x72, 0x95,
  0x23, 0x3c, 0xa4, 0xb8, 0x03, 0x35, 0x04, 0xb9, 0x1a, 0x95, 0x23, 0x38,
  0xa4, 0xb8, 0x03, 0x35, 0x84, 0xb8, 0x7e, 0x95, 0x23, 0x34, 0xa4, 0xb8,
  0x03, 0x35, 0x04, 0xb8, 0x4a, 0x95, 0x23, 0x30, 0xa4, 0xb8, 0x03, 0x35,
  0x84, 0xb7, 0x4e, 0x95, 0x23, 0x3c, 0xa4, 0xb6, 0x03, 0x35, 0x04, 0xb7,
  0x52, 0x95, 0x23, 0x38, 0xa4, 0xb6, 0x03, 0x35, 0x84, 0xb6, 0x56, 0x95,
  0x23, 0x34, 0xa4, 0xb6, 0x03, 0x35, 0x04, 0xb6, 0x5a, 0x95, 0x23, 0x30,
  0xa4, 0xb6, 0x03, 0x35, 0x84, 0xb5, 0x5e, 0x95, 0x23, 0x3c, 0xa4, 0xb4,
  0x03, 0x35, 0x04, 0xb5, 0x62, 0x95, 0x23, 0x38, 0xa4, 0xb4, 0x03, 0x35,
  0x84, 0xb4, 0x83, 0x36, 0x84, 0xf6, 0x36, 0x95, 0x23, 0x34, 0xa4, 0xb4,
  0x03, 0x35, 0x04, 0xb4, 0x83, 0x36, 0x04, 0xf7, 0x36, 0x95, 0x23, 0x30,
  0xa4, 0xb4, 0x03, 0x35, 0x84, 0xb3, 0x83, 0x36, 0x84, 0xf7, 0x36, 0x95,
  0x23, 0x3c, 0xa4, 0xb2, 0x03, 0x35, 0x04, 0xb3, 0x83, 0x36, 0x04, 0xf8,
  0x36, 0x95, 0x23, 0x38, 0xa4, 0xb2, 0x03, 0x35, 0x84, 0xb2, 0x83, 0x36,
  0x04, 0xf6, 0x36, 0x95, 0x23, 0x34, 0xa4, 0xb2, 0x03, 0x35, 0x04, 0xb2,
  0x83, 0x36, 0x84, 0xf2, 0x36, 0x95, 0x23, 0x30, 0xa4, 0xb2, 0x03, 0x35,
  0x84, 0xb1, 0x85, 0x66, 0xb3, 0x06, 0xd4, 0x40, 0x83, 0xb6, 0x06, 0x42,
  0x36, 0x95, 0x23, 0x3c, 0xa4, 0xb0, 0x03, 0x35, 0x04, 0xb1, 0x83, 0x36,
  0x04, 0xf2, 0x36, 0x95, 0x23, 0x38, 0xa4, 0xb0, 0x03, 0x35, 0x84, 0xb0,
  0x83, 0x36, 0x84, 0xf3, 0x36, 0x95, 0x23, 0x34, 0xa4, 0xb0, 0x03, 0x35,
  0x04, 0xb0, 0x83, 0x36, 0x04, 0xf4, 0x36, 0x95, 0x23, 0x30, 0xa4, 0xb0,
  0x03, 0x35, 0x84, 0xaf, 0x85, 0x66, 0xb3, 0x06, 0xd4, 0x40, 0x83, 0xb6,
  0x86, 0x50, 0x36, 0x95, 0x23, 0x3c, 0xa4, 0xae, 0x03, 0x35, 0x04, 0xaf,
  0x83, 0x36, 0x84, 0xf4, 0x36, 0x95, 0x23, 0x38, 0xa4, 0xae, 0x03, 0x35,
  0x84, 0xae, 0x83, 0x36, 0x04, 0xf5, 0x36, 0x95, 0x23, 0x34, 0xa4, 0xae,
  0x03, 0x35, 0x04, 0xae, 0x85, 0x66, 0xb3, 0x06, 0xd4, 0x40, 0x83, 0xb6,
  0x86, 0x5b, 0x36, 0x95, 0x23, 0x30, 0xa4, 0xae, 0x03, 0x35, 0x84, 0xad,
  0x85, 0x66, 0xb3, 0x06, 0xd4, 0x40, 0x83, 0xb6, 0x86, 0x5f, 0x36, 0x95,
  0x23, 0x3c, 0xa4, 0xac, 0x03, 0x35, 0x04, 0xad, 0x85, 0x66, 0xb3, 0x06,
  0xd4, 0x40, 0x83, 0xb6, 0x86, 0x63, 0x36, 0x95, 0x23, 0x38, 0xa4, 0xac,
  0x85, 0x05, 0x05, 0x65, 0x33, 0x05, 0xa4, 0x40, 0x03, 0x35, 0x85, 0xf5,
  0x63, 0x04, 0xa6, 0x00, 0x6f, 0xd0, 0xdf, 0xb0, 0x05, 0x65, 0x33, 0x05,
  0xa4, 0x40, 0x03, 0x35, 0x85, 0xf4, 0x0a, 0x05, 0x23, 0x34, 0xa4, 0xf8,
  0x85, 0x65, 0xb3, 0x05, 0xb4, 0x40, 0x83, 0xb5, 0x85, 0xf3, 0xaa, 0x95,
  0xf8, 0x5d, 0xb4, 0x5d, 0xf0, 0x59, 0xa8, 0x59, 0x85, 0x67, 0xb3, 0x07,
  0xf4, 0x40, 0x83, 0xb7, 0x87, 0x6d, 0x3e, 0x97, 0x85, 0x67, 0xb3, 0x07,
  0xf4, 0x40, 0x23, 0xbc, 0xe7, 0x6c, 0x05, 0x67, 0x33, 0x07, 0xe4, 0x40,
  0x03, 0x37, 0x07, 0x6e, 0xba, 0x96, 0x05, 0x67, 0x33, 0x07, 0xe4, 0x40,
  0x23, 0x30, 0xd7, 0x6e, 0x85, 0x66, 0xb3, 0x06, 0xd4, 0x40, 0x83, 0xb6,
  0x86, 0x6e, 0x36, 0x96, 0x85, 0x66, 0xb3, 0x06, 0xd4, 0x40, 0x23, 0xb4,
  0xc6, 0x6e, 0x05, 0x66, 0x33, 0x06, 0xc4, 0x40, 0x03, 0x36, 0x06, 0x6d,
  0x32, 0x95, 0x05, 0x66, 0x33, 0x06, 0xc4, 0x40, 0x23, 0x38, 0xa6, 0x6c,
  0xe8, 0x55, 0xb0, 0x55, 0x83, 0xa0, 0x45, 0x06, 0x83, 0xad, 0x05, 0x06,
  0x85, 0x66, 0xb3, 0x06, 0xd4, 0x40, 0x83, 0xb6, 0x06, 0x6f, 0x36, 0x95,
  0x85, 0x66, 0xb3, 0x06, 0xd4, 0x40, 0x23, 0xb8, 0xa6, 0x6e, 0x05, 0x65,
  0x33, 0x05, 0xa4, 0x40, 0x03, 0x35, 0x85, 0x6f, 0x32, 0x95, 0x05, 0x66,
  0x33, 0x06, 0xc4, 0x40, 0x23, 0x3c, 0xa6, 0x6e, 0x05, 0x65, 0x33, 0x05,
  0xa4, 0x40, 0x03, 0x35, 0x05, 0x70, 0x06, 0x95, 0x05, 0x66, 0x33, 0x06,
  0xc4, 0x40, 0x23, 0x30, 0xa6, 0x70, 0x05, 0x65, 0x33, 0x05, 0xa4, 0x40,
  0x03, 0x35, 0x85, 0x70, 0x6e, 0x95, 0x05, 0x66, 0x33, 0x06, 0xc4, 0x40,
  0x23, 0x34, 0xa6, 0x70, 0x03, 0xad, 0xc5, 0x05, 0x83, 0xac, 0x85, 0x05,
  0x03, 0xac, 0x45, 0x05, 0x83, 0xab, 0x05, 0x05, 0x05, 0x65, 0x33, 0x05,
  0xa4, 0x40, 0x03, 0x35, 0x05, 0x71, 0x6a, 0x95, 0x05, 0x66, 0x33, 0x06,
  0xc4, 0x40, 0x23, 0x38, 0xa6, 0x70, 0x05, 0x65, 0x33, 0x05, 0xa4, 0x40,
  0x03, 0x35, 0x85, 0x71, 0x66, 0x95, 0x05, 0x66, 0x33, 0x06, 0xc4, 0x40,
  0x23, 0x3c, 0xa6, 0x70, 0x05, 0x65, 0x33, 0x05, 0xa4, 0x40, 0x03, 0x35,
  0x05, 0x72, 0x62, 0x95, 0x05, 0x66, 0x33, 0x06, 0xc4, 0x40, 0x23, 0x30,
  0xa6, 0x72, 0x05, 0x65, 0x33, 0x05, 0xa4, 0x40, 0x03, 0x35, 0x85, 0x72,
  0x5e, 0x95, 0x05, 0x66, 0x33, 0x06, 0xc4, 0x40, 0x23, 0x34, 0xa6, 0x72,
  0x03, 0xab, 0xc5, 0x04, 0x83, 0xaa, 0x85, 0x04, 0x03, 0xaa, 0x45, 0x04,
  0x83, 0xa9, 0x05, 0x04, 0x05, 0x65, 0x33, 0x05, 0xa4, 0x40, 0x83, 0x3d,
  0x05, 0x73, 0xda, 0x9d, 0x05, 0x65, 0x33, 0x05, 0xa4, 0x40, 0x03, 0x3d,
  0x85, 0x73, 0x56, 0x9d, 0x05, 0x65, 0x33, 0x05, 0xa4, 0x40, 0x83, 0x3c,
  0x05, 0x74, 0xd2, 0x9c, 0x05, 0x65, 0x33, 0x05, 0xa4, 0x40, 0x03, 0x3c,
  0x85, 0x74, 0x4e, 0x9c, 0x03, 0xa9, 0xc5, 0x03, 0x84, 0x5d, 0x83, 0xaf,
  0x45, 0x03, 0x03, 0xaf, 0x05, 0x03, 0x05, 0x65, 0x33, 0x05, 0xa4, 0x40,
  0x83, 0x3b, 0x05, 0x75, 0xca, 0x9b, 0x05, 0x65, 0x33, 0x05, 0xa4, 0x40,
  0x03, 0x3b, 0x85, 0x75, 0x26, 0x9b, 0x05, 0x65, 0x33, 0x05, 0xa4, 0x40,
  0x83, 0x3a, 0x05, 0x76, 0xfe, 0x9a, 0x05, 0x65, 0x33, 0x05, 0xa4, 0x40,
  0x03, 0x3a, 0x85, 0x76, 0x7a, 0x9a, 0x83, 0xae, 0xc5, 0x02, 0x03, 0xae,
  0x85, 0x02, 0x83, 0xa3, 0x45, 0x02, 0x03, 0xa3, 0x05, 0x02, 0x05, 0x65,
  0x33, 0x05, 0xa4, 0x40, 0x83, 0x39, 0x05, 0x77, 0xf6, 0x99, 0x05, 0x65,
  0x33, 0x05, 0xa4, 0x40, 0x03, 0x39, 0x85, 0x77, 0x72, 0x99, 0x05, 0x65,
  0x33, 0x05, 0xa4, 0x40, 0x83, 0x3f, 0x05, 0x7a, 0x9e, 0x9f, 0x05, 0x65,
  0x33, 0x05, 0xa4, 0x40, 0x03, 0x3f, 0x85, 0x7a, 0x1a, 0x9f, 0x83, 0xa2,
  0xc5, 0x01, 0x83, 0xa8, 0x85, 0x01, 0x03, 0xa8, 0x45, 0x01, 0x9c, 0x49,
  0x05, 0x65, 0x33, 0x05, 0xa4, 0x40, 0x83, 0x3e, 0x05, 0x7f, 0x96, 0x9e,
  0x05, 0x65, 0x33, 0x05, 0xa4, 0x40, 0x03, 0x3e, 0x85, 0x7f, 0x46, 0x9e,
  0x83, 0x33, 0x04, 0x82, 0xc2, 0x93, 0x03, 0x33, 0x84, 0x82, 0x3e, 0x93,
  0x88, 0x41, 0xd0, 0x41, 0x94, 0x45, 0xd8, 0x45, 0x83, 0x37, 0x84, 0x8a,
  0xaa, 0x97, 0x03, 0x38, 0x04, 0x8a, 0x32, 0x98, 0x83, 0x38, 0x84, 0x89,
  0xb6, 0x98, 0x83, 0x32, 0x04, 0x89, 0xba, 0x92, 0x03, 0xa5, 0x05, 0x20,
  0x03, 0xa6, 0x45, 0x20, 0x83, 0xa6, 0x85, 0x20, 0x03, 0xa7, 0xc5, 0x20,
  0x85, 0x64, 0xb3, 0x04, 0x94, 0x40, 0x83, 0xb4, 0x84, 0x79, 0x26, 0x95,
  0x23, 0x30, 0xa4, 0xf8, 0x05, 0x65, 0x33, 0x05, 0xa4, 0x40, 0x03, 0x35,
  0x05, 0x79, 0x32, 0x95, 0x23, 0x3c, 0xa4, 0xf6, 0x05, 0x65, 0x33, 0x05,
  0xa4, 0x40, 0x03, 0x35, 0x85, 0x78, 0x36, 0x95, 0x23, 0x38, 0xa4, 0xf6,
  0x05, 0x65, 0x33, 0x05, 0xa4, 0x40, 0x03, 0x35, 0x05, 0x78, 0x3a, 0x95,
  0x23, 0x34, 0xa4, 0xf6, 0x03, 0xa5, 0x05, 0x21, 0x03, 0xa6, 0x45, 0x21,
  0x83, 0xa6, 0x85, 0x21, 0x03, 0xa7, 0xc5, 0x21, 0x85, 0x64, 0xb3, 0x04,
  0x94, 0x40, 0x83, 0xb4, 0x84, 0x7c, 0x26, 0x95, 0x23, 0x30, 0xa4, 0xf4,
  0x05, 0x65, 0x33, 0x05, 0xa4, 0x40, 0x03, 0x35, 0x05, 0x7c, 0x32, 0x95,
  0x23, 0x3c, 0xa4, 0xf2, 0x05, 0x65, 0x33, 0x05, 0xa4, 0x40, 0x03, 0x35,
  0x85, 0x7b, 0x36, 0x95, 0x23, 0x38, 0xa4, 0xf2, 0x05, 0x65, 0x33, 0x05,
  0xa4, 0x40, 0x03, 0x35, 0x05, 0x7b, 0x3a, 0x95, 0x23, 0x34, 0xa4, 0xf2,
  0x03, 0xa5, 0x05, 0x22, 0x03, 0xa6, 0x45, 0x22, 0x83, 0xa6, 0x85, 0x22,
  0x03, 0xa7, 0xc5, 0x22, 0x85, 0x64, 0xb3, 0x04, 0x94, 0x40, 0x83, 0xb4,
  0x84, 0x7e, 0x26, 0x95, 0x23, 0x30, 0xa4, 0xee, 0x05, 0x65, 0x33, 0x05,
  0xa4, 0x40, 0x03, 0x35, 0x05, 0x7e, 0x32, 0x95, 0x23, 0x3c, 0xa4, 0xec,
  0x05, 0x65, 0x33, 0x05, 0xa4, 0x40, 0x03, 0x35, 0x85, 0x7d, 0x36, 0x95,
  0x23, 0x38, 0xa4, 0xec, 0x05, 0x65, 0x33, 0x05, 0xa4, 0x40, 0x03, 0x35,
  0x05, 0x7d, 0x3a, 0x95, 0x23, 0x34, 0xa4, 0x8a, 0x03, 0xa5, 0x05, 0x23,
  0x03, 0xa6, 0x45, 0x23, 0x83, 0xa6, 0x85, 0x23, 0x03, 0xa7, 0xc5, 0x23,
  0x83, 0x34, 0x84, 0x81, 0x26, 0x95, 0x23, 0x30, 0xa4, 0x8a, 0x03, 0x35,
  0x04, 0x81, 0x32, 0x95, 0x23, 0x3c, 0xa4, 0x88, 0x03, 0x35, 0x84, 0x80,
  0x36, 0x95, 0x23, 0x38, 0xa4, 0x88, 0x03, 0x35, 0x04, 0x80, 0x3a, 0x95,
  0x23, 0x34, 0xa4, 0x82, 0x03, 0xa5, 0x05, 0x24, 0x03, 0xa6, 0x45, 0x24,
  0x83, 0xa6, 0x85, 0x24, 0x03, 0xa7, 0xc5, 0x24, 0x83, 0x34, 0x84, 0x84,
  0x26, 0x95, 0x23, 0x34, 0xa4, 0x84, 0x03, 0x35, 0x04, 0x84, 0x32, 0x95,
  0x23, 0x30, 0xa4, 0x84, 0x03, 0x35, 0x84, 0x83, 0x36, 0x95, 0x23, 0x3c,
  0xa4, 0x82, 0x03, 0x35, 0x04, 0x83, 0x3a, 0x95, 0x23, 0x38, 0xa4, 0x82,
  0x03, 0xa5, 0x05, 0x25, 0x03, 0xa6, 0x45, 0x25, 0x83, 0xa6, 0x85, 0x25,
  0x03, 0xa7, 0xc5, 0x25, 0x83, 0x34, 0x84, 0x86, 0x26, 0x95, 0x23, 0x34,
  0xa4, 0x86, 0x03, 0x35, 0x04, 0x86, 0x32, 0x95, 0x23, 0x30, 0xa4, 0x86,
  0x03, 0x35, 0x84, 0x85, 0x36, 0x95, 0x23, 0x3c, 0xa4, 0x84, 0x03, 0x35,
  0x04, 0x85, 0x3a, 0x95, 0x23, 0x38, 0xa4, 0x84, 0x03, 0xa5, 0x05, 0x26,
  0x03, 0xa6, 0x45, 0x26, 0x83, 0xa6, 0x85, 0x26, 0x03, 0xa7, 0xc5, 0x26,
  0x83, 0x34, 0x84, 0x88, 0x26, 0x95, 0x23, 0x34, 0xa4, 0x88, 0x03, 0x35,
  0x04, 0x88, 0x32, 0x95, 0x23, 0x30, 0xa4, 0x88, 0x03, 0x35, 0x84, 0x87,
  0x36, 0x95, 0x23, 0x3c, 0xa4, 0x86, 0x03, 0x35, 0x04, 0x87, 0x3a, 0x95,
  0x23, 0x38, 0xa4, 0x86, 0x03, 0xa5, 0x05, 0x27, 0x03, 0xa6, 0x45, 0x27,
  0x83, 0xa6, 0x85, 0x27, 0x03, 0xa7, 0xc5, 0x27, 0x83, 0x34, 0x84, 0x8c,
  0x26, 0x95, 0x23, 0x34, 0xa4, 0x8c, 0x03, 0x35, 0x04, 0x8c, 0x32, 0x95,
  0x23, 0x30, 0xa4, 0x8c, 0x03, 0x35, 0x84, 0x8b, 0x36, 0x95, 0x23, 0x3c,
  0xa4, 0x8a, 0x03, 0x35, 0x04, 0x8b, 0x3a, 0x95, 0x23, 0x38, 0xa4, 0x8a,
  0x03, 0xa5, 0x05, 0x40, 0x03, 0xa6, 0x45, 0x40, 0x83, 0xa6, 0x85, 0x40,
  0x03, 0xa7, 0xc5, 0x40, 0x83, 0x34, 0x84, 0x8e, 0x26, 0x95, 0x23, 0x30,
  0xa4, 0xf6, 0x03, 0x35, 0x04, 0x8e, 0x32, 0x95, 0x23, 0x3c, 0xa4, 0xf4,
  0x03, 0x35, 0x84, 0x8d, 0x36, 0x95, 0x23, 0x38, 0xa4, 0xf4, 0x03, 0x35,
  0x04, 0x8d, 0x3a, 0x95, 0x23, 0x34, 0xa4, 0xf4, 0x03, 0xa5, 0x05, 0x41,
  0x03, 0xa6, 0x45, 0x41, 0x83, 0xa6, 0x85, 0x41, 0x03, 0xa7, 0xc5, 0x41,
  0x83, 0x34, 0x84, 0x90, 0x26, 0x95, 0x23, 0x30, 0xa4, 0xf0, 0x03, 0x35,
  0x04, 0x90, 0x32, 0x95, 0x23, 0x3c, 0xa4, 0xee, 0x03, 0x35, 0x84, 0x8f,
  0x36, 0x95, 0x23, 0x38, 0xa4, 0xee, 0x03, 0x35, 0x04, 0x8f, 0x3a, 0x95,
  0x23, 0x34, 0xa4, 0xee, 0x03, 0xa5, 0x05, 0x42, 0x03, 0xa6, 0x45, 0x42,
  0x83, 0xa6, 0x85, 0x42, 0x03, 0xa7, 0xc5, 0x42, 0x83, 0x34, 0x84, 0x92,
  0x26, 0x95, 0x23, 0x34, 0xa4, 0x92, 0x03, 0x35, 0x04, 0x92, 0x32, 0x95,
  0x23, 0x30, 0xa4, 0x92, 0x03, 0x35, 0x84, 0x91, 0x36, 0x95, 0x23, 0x3c,
  0xa4, 0x90, 0x03, 0x35, 0x04, 0x91, 0x3a, 0x95, 0x23, 0x38, 0xa4, 0x90,
  0x03, 0xa5, 0x05, 0x43, 0x03, 0xa6, 0x45, 0x43, 0x83, 0xa6, 0x85, 0x43,
  0x03, 0xa7, 0xc5, 0x43, 0x83, 0x34, 0x84, 0x94, 0x26, 0x95, 0x23, 0x34,
  0xa4, 0x94, 0x03, 0x35, 0x04, 0x94, 0x32, 0x95, 0x23, 0x30, 0xa4, 0x94,
  0x03, 0x35, 0x84, 0x93, 0x36, 0x95, 0x23, 0x3c, 0xa4, 0x92, 0x03, 0x35,
  0x04, 0x93, 0x3a, 0x95, 0x23, 0x38, 0xa4, 0x92, 0x03, 0xa5, 0x05, 0x44,
  0x03, 0xa6, 0x45, 0x44, 0x83, 0xa6, 0x85, 0x44, 0x03, 0xa7, 0xc5, 0x44,
  0x83, 0x34, 0x84, 0x96, 0x26, 0x95, 0x23, 0x34, 0xa4, 0x96, 0x03, 0x35,
  0x04, 0x96, 0x32, 0x95, 0x23, 0x30, 0xa4, 0x96, 0x03, 0x35, 0x84, 0x95,
  0x36, 0x95, 0x23, 0x3c, 0xa4, 0x94, 0x03, 0x35, 0x04, 0x95, 0x3a, 0x95,
  0x23, 0x38, 0xa4, 0x94, 0x03, 0xa5, 0x05, 0x45, 0x03, 0xa6, 0x45, 0x45,
  0x83, 0xa6, 0x85, 0x45, 0x03, 0xa7, 0xc5, 0x45, 0x83, 0x34, 0x84, 0x98,
  0x26, 0x95, 0x23, 0x34, 0xa4, 0x98, 0x03, 0x35, 0x04, 0x98, 0x32, 0x95,
  0x23, 0x30, 0xa4, 0x98, 0x03, 0x35, 0x84, 0x97, 0x36, 0x95, 0x23, 0x3c,
  0xa4, 0x96, 0x03, 0x35, 0x04, 0x97, 0x3a, 0x95, 0x23, 0x38, 0xa4, 0x96,
  0x03, 0xa5, 0x05, 0x46, 0x03, 0xa6, 0x45, 0x46, 0x83, 0xa6, 0x85, 0x46,
  0x03, 0xa7, 0xc5, 0x46, 0x83, 0x34, 0x84, 0x9a, 0x26, 0x95, 0x23, 0x34,
  0xa4, 0x9a, 0x03, 0x35, 0x04, 0x9a, 0x32, 0x95, 0x23, 0x30, 0xa4, 0x9a,
  0x03, 0x35, 0x84, 0x99, 0x36, 0x95, 0x23, 0x3c, 0xa4, 0x98, 0x03, 0x35,
  0x04, 0x99, 0x3a, 0x95, 0x23, 0x38, 0xa4, 0x98, 0x03, 0xa5, 0x05, 0x47,
  0x03, 0xa6, 0x45, 0x47, 0x83, 0xa6, 0x85, 0x47, 0x03, 0xa7, 0xc5, 0x47,
  0x83, 0x34, 0x84, 0x9c, 0x26, 0x95, 0x23, 0x34, 0xa4, 0x9c, 0x03, 0x35,
  0x04, 0x9c, 0x32, 0x95, 0x23, 0x30, 0xa4, 0x9c, 0x03, 0x35, 0x84, 0x9b,
  0x36, 0x95, 0x23, 0x3c, 0xa4, 0x9a, 0x03, 0x35, 0x04, 0x9b, 0x3a, 0x95,
  0x23, 0x38, 0xa4, 0x9a, 0x03, 0xa5, 0x05, 0x60, 0x03, 0xa6, 0x45, 0x60,
  0x83, 0xa6, 0x85, 0x60, 0x03, 0xa7, 0xc5, 0x60, 0x83, 0x34, 0x84, 0x9e,
  0x26, 0x95, 0x23, 0x30, 0xa4, 0xf2, 0x03, 0x35, 0x04, 0x9e, 0x32, 0x95,
  0x23, 0x3c, 0xa4, 0xf0, 0x03, 0x35, 0x84, 0x9d, 0x36, 0x95, 0x23, 0x38,
  0xa4, 0xf0, 0x03, 0x35, 0x04, 0x9d, 0x3a, 0x95, 0x23, 0x34, 0xa4, 0xf0,
  0x03, 0xa5, 0x05, 0x61, 0x03, 0xa6, 0x45, 0x61, 0x83, 0xa6, 0x85, 0x61,
  0x03, 0xa7, 0xc5, 0x61, 0x83, 0x34, 0x84, 0xa0, 0x26, 0x95, 0x23, 0x34,
  0xa4, 0xa0, 0x03, 0x35, 0x04, 0xa0, 0x32, 0x95, 0x23, 0x30, 0xa4, 0xa0,
  0x03, 0x35, 0x84, 0x9f, 0x36, 0x95, 0x23, 0x3c, 0xa4, 0x9e, 0x03, 0x35,
  0x04, 0x9f, 0x3a, 0x95, 0x23, 0x38, 0xa4, 0x9e, 0x03, 0xa5, 0x05, 0x62,
  0x03, 0xa6, 0x45, 0x62, 0x83, 0xa6, 0x85, 0x62, 0x03, 0xa7, 0xc5, 0x62,
  0x83, 0x34, 0x84, 0xa2, 0x26, 0x95, 0x23, 0x34, 0xa4, 0xa2, 0x03, 0x35,
  0x04, 0xa2, 0x32, 0x95, 0x23, 0x30, 0xa4, 0xa2, 0x03, 0x35, 0x84, 0xa1,
  0x36, 0x95, 0x23, 0x3c, 0xa4, 0xa0, 0x03, 0x35, 0x04, 0xa1, 0x3a, 0x95,
  0x23, 0x38, 0xa4, 0xa0, 0x03, 0xa5, 0x05, 0x63, 0x03, 0xa6, 0x45, 0x63,
  0x83, 0xa6, 0x85, 0x63, 0x03, 0xa7, 0xc5, 0x63, 0x83, 0x34, 0x84, 0xa4,
  0x26, 0x95, 0x23, 0x34, 0xa4, 0xa4, 0x03, 0x35, 0x04, 0xa4, 0x32, 0x95,
  0x23, 0x30, 0xa4, 0xa4, 0x03, 0x35, 0x84, 0xa3, 0x36, 0x95, 0x23, 0x3c,
  0xa4, 0xa2, 0x03, 0x35, 0x04, 0xa3, 0x3a, 0x95, 0x23, 0x38, 0xa4, 0xa2,
  0x03, 0xa5, 0x05, 0x64, 0x03, 0xa6, 0x45, 0x64, 0x83, 0xa6, 0x85, 0x64,
  0x03, 0xa7, 0xc5, 0x64, 0x83, 0x34, 0x84, 0xa6, 0x26, 0x95, 0x23, 0x34,
  0xa4, 0xa6, 0x03, 0x35, 0x04, 0xa6, 0x32, 0x95, 0x23, 0x30, 0xa4, 0xa6,
  0x03, 0x35, 0x84, 0xa5, 0x36, 0x95, 0x23, 0x3c, 0xa4, 0xa4, 0x03, 0x35,
  0x04, 0xa5, 0x3a, 0x95, 0x23, 0x38, 0xa4, 0xa4, 0x03, 0xa5, 0x05, 0x65,
  0x03, 0xa6, 0x45, 0x65, 0x83, 0xa6, 0x85, 0x65, 0x03, 0xa7, 0xc5, 0x65,
  0x83, 0x34, 0x84, 0xa8, 0x26, 0x95, 0x23, 0x34, 0xa4, 0xa8, 0x03, 0x35,
  0x04, 0xa8, 0x32, 0x95, 0x23, 0x30, 0xa4, 0xa8, 0x03, 0x35, 0x84, 0xa7,
  0x36, 0x95, 0x23, 0x3c, 0xa4, 0xa6, 0x03, 0x35, 0x04, 0xa7, 0x3a, 0x95,
  0x23, 0x38, 0xa4, 0xa6, 0x03, 0xa5, 0x05, 0x66, 0x03, 0xa6, 0x45, 0x66,
  0x83, 0xa6, 0x85, 0x66, 0x03, 0xa7, 0xc5, 0x66, 0x83, 0x34, 0x84, 0xaa,
  0x26, 0x95, 0x23, 0x34, 0xa4, 0xaa, 0x03, 0x35, 0x04, 0xaa, 0x32, 0x95,
  0x23, 0x30, 0xa4, 0xaa, 0x03, 0x35, 0x84, 0xa9, 0x36, 0x95, 0x23, 0x3c,
  0xa4, 0xa8, 0x03, 0x35, 0x04, 0xa9, 0x3a, 0x95, 0x23, 0x38, 0xa4, 0xa8,
  0x03, 0xa5, 0x05, 0x67, 0x03, 0xa6, 0x45, 0x67, 0x83, 0xa6, 0x85, 0x67,
  0x03, 0xa7, 0xc5, 0x67, 0x83, 0x30, 0x84, 0xac, 0xaa, 0x90, 0x03, 0x35,
  0x04, 0xac, 0x32, 0x95, 0x23, 0x34, 0xa4, 0xac, 0x03, 0x35, 0x84, 0xab,
  0x36, 0x95, 0x23, 0x30, 0xa4, 0xac, 0x03, 0x35, 0x04, 0xab, 0x3a, 0x95,
  0x23, 0x3c, 0xa4, 0xaa, 0x9c, 0xc1, 0x23, 0xa2, 0x05, 0x01, 0x23, 0xa4,
  0x15, 0x01, 0x23, 0xa6, 0x55, 0x00, 0x23, 0xa8, 0x65, 0x00, 0x23, 0xaa,
  0x75, 0x00, 0x23, 0xac, 0xc5, 0x01, 0x23, 0xae, 0xd5, 0x01, 0x23, 0xa0,
  0xe5, 0x03, 0x23, 0xa2, 0xf5, 0x03, 0x23, 0xa4, 0x25, 0x03, 0x23, 0xa6,
  0x35, 0x03, 0x23, 0xa8, 0x45, 0x03, 0x23, 0xaa, 0x55, 0x03, 0x23, 0xac,
  0x65, 0x03, 0x23, 0xae, 0x75, 0x03, 0x23, 0xa0, 0x85, 0x05, 0x23, 0xa2,
  0x95, 0x05, 0x23, 0xa4, 0xa5, 0x05, 0x23, 0xa6, 0xb5, 0x05, 0x23, 0x38,
  0x14, 0xf8, 0x05, 0x65, 0x33, 0x05, 0xa4, 0x40, 0x03, 0x35, 0x85, 0x72,
  0xa8, 0xc9, 0x05, 0x65, 0x33, 0x05, 0xa4, 0x40, 0x03, 0x35, 0x05, 0x72,
  0xe8, 0xc9, 0x05, 0x65, 0x33, 0x05, 0xa4, 0x40, 0x03, 0x35, 0x85, 0x71,
  0xa8, 0xcd, 0x05, 0x65, 0x33, 0x05, 0xa4, 0x40, 0x03, 0x35, 0x05, 0x71,
  0xe8, 0xcd, 0x05, 0x65, 0x33, 0x05, 0xa4, 0x40, 0x03, 0x35, 0x85, 0x70,
  0xa8, 0xd1, 0x05, 0x65, 0x33, 0x05, 0xa4, 0x40, 0x03, 0x35, 0x05, 0x70,
  0xe8, 0xd1, 0x05, 0x65, 0x33, 0x05, 0xa4, 0x40, 0x03, 0x35, 0x85, 0x6f,
  0xa8, 0xd5, 0x05, 0x65, 0x33, 0x05, 0xa4, 0x40, 0x03, 0x35, 0x05, 0x6f,
  0xe8, 0xd5, 0x05, 0x65, 0x33, 0x05, 0xa4, 0x40, 0x03, 0x35, 0x05, 0x6d,
  0xa8, 0xd9, 0x05, 0x65, 0x33, 0x05, 0xa4, 0x40, 0x03, 0x35, 0x85, 0x6e,
  0xe8, 0xd9, 0x05, 0x65, 0x33, 0x05, 0xa4, 0x40, 0x03, 0x35, 0x05, 0x6e,
  0xa8, 0xdd, 0x05, 0x65, 0x33, 0x05, 0xa4, 0x40, 0x03, 0x35, 0x85, 0x6d,
  0xe8, 0xdd, 0x13, 0x85, 0xf5, 0x7f, 0x03, 0x26, 0x15, 0x07, 0x23, 0x34,
  0xc4, 0x9e, 0x03, 0x26, 0x55, 0x07, 0x23, 0x38, 0xc4, 0xaa, 0x03, 0x2d,
  0x95, 0x07, 0x83, 0x2c, 0xd5, 0x07, 0x03, 0x26, 0x15, 0x06, 0x23, 0x30,
  0xc4, 0x80, 0x03, 0x26, 0x55, 0x06, 0x23, 0x34, 0xc4, 0x80, 0x03, 0x26,
  0x95, 0x06, 0x23, 0x38, 0xc4, 0x80, 0x03, 0x26, 0xd5, 0x06, 0x23, 0x3c,
  0xc4, 0x80, 0x03, 0x26, 0x15, 0x05, 0x85, 0x66, 0xb3, 0x06, 0xd4, 0x40,
  0x23, 0xb8, 0xc6, 0x78, 0x03, 0x2e, 0x55, 0x05, 0x83, 0x2e, 0x95, 0x05,
  0x03, 0x26, 0xd5, 0x05, 0x85, 0x66, 0xb3, 0x06, 0xd4, 0x40, 0x23, 0xbc,
  0xc6, 0x78, 0x03, 0x2a, 0x15, 0x04, 0x83, 0x2a, 0x55, 0x04, 0x03, 0x2b,
  0x95, 0x04, 0x03, 0x26, 0xd5, 0x04, 0x85, 0x66, 0xb3, 0x06, 0xd4, 0x40,
  0x23, 0xb4, 0xc6, 0x72, 0x03, 0x26, 0x15, 0x03, 0x85, 0x66, 0xb3, 0x06,
  0xd4, 0x40, 0x23, 0xb8, 0xc6, 0x6a, 0x03, 0x26, 0x55, 0x03, 0x85, 0x66,
  0xb3, 0x06, 0xd4, 0x40, 0x23, 0xbc, 0xc6, 0x6a, 0x03, 0x26, 0x95, 0x03,
  0x85, 0x66, 0xb3, 0x06, 0xd4, 0x40, 0x23, 0xb0, 0xc6, 0x6c, 0x83, 0x29,
  0xd5, 0x03, 0x03, 0x26, 0x15, 0x02, 0x85, 0x66, 0xb3, 0x06, 0xd4, 0x40,
  0x23, 0xbc, 0xc6, 0x62, 0x03, 0x26, 0x55, 0x02, 0x85, 0x66, 0xb3, 0x06,
  0xd4, 0x40, 0x23, 0xb0, 0xc6, 0x64, 0x03, 0x26, 0x95, 0x02, 0x85, 0x66,
  0xb3, 0x06, 0xd4, 0x40, 0x23, 0xb4, 0xc6, 0x64, 0x83, 0x2d, 0xd5, 0x02,
  0x83, 0x23, 0x15, 0x01, 0x83, 0x22, 0x55, 0x01, 0x83, 0x28, 0x95, 0x01,
  0x03, 0x28, 0xd5, 0x01, 0x03, 0x27, 0x15, 0x00, 0x83, 0x26, 0x55, 0x00,
  0x03, 0x26, 0x95, 0x00, 0x03, 0x23, 0xd5, 0x00, 0x83, 0x27, 0x15, 0x27,
  0x23, 0x34, 0xf4, 0x90, 0x83, 0x27, 0x55, 0x27, 0x23, 0x38, 0xf4, 0x9c,
  0x83, 0x27, 0x95, 0x27, 0x23, 0x3c, 0xf4, 0x9c, 0x83, 0x27, 0xd5, 0x27,
  0x23, 0x30, 0xf4, 0x9e, 0x83, 0x27, 0x15, 0x26, 0x05, 0x6f, 0x33, 0x0f,
  0xe4, 0x41, 0x23, 0x30, 0xff, 0x7e, 0x83, 0x27, 0x55, 0x26, 0x05, 0x6f,
  0x33, 0x0f, 0xe4, 0x41, 0x23, 0x34, 0xff, 0x7e, 0x83, 0x27, 0x95, 0x26,
  0x05, 0x6f, 0x33, 0x0f, 0xe4, 0x41, 0x23, 0x38, 0xff, 0x7e, 0x83, 0x27,
  0xd5, 0x26, 0x05, 0x6f, 0x33, 0x0f, 0xe4, 0x41, 0x23, 0x3c, 0xff, 0x7e,
  0x83, 0x27, 0x15, 0x25, 0x05, 0x6f, 0x33, 0x0f, 0xe4, 0x41, 0x23, 0x38,
  0xff, 0x76, 0x83, 0x27, 0x55, 0x25, 0x05, 0x6f, 0x33, 0x0f, 0xe4, 0x41,
  0x23, 0x3c, 0xff, 0x76, 0x83, 0x27, 0x95, 0x25, 0x05, 0x6f, 0x33, 0x0f,
  0xe4, 0x41, 0x23, 0x30, 0xff, 0x78, 0x83, 0x27, 0xd5, 0x25, 0x05, 0x6f,
  0x33, 0x0f, 0xe4, 0x41, 0x23, 0x34, 0xff, 0x78, 0x83, 0x27, 0x15, 0x24,
  0x05, 0x6f, 0x33, 0x0f, 0xe4, 0x41, 0x23, 0x34, 0xff, 0x70, 0x83, 0x27,
  0x55, 0x24, 0x05, 0x6f, 0x33, 0x0f, 0xe4, 0x41, 0x23, 0x38, 0xff, 0x70,
  0x83, 0x27, 0x95, 0x24, 0x05, 0x6f, 0x33, 0x0f, 0xe4, 0x41, 0x23, 0x3c,
  0xff, 0x70, 0x83, 0x27, 0xd5, 0x24, 0x05, 0x6f, 0x33, 0x0f, 0xe4, 0x41,
  0x23, 0x30, 0xff, 0x72, 0x83, 0x27, 0x15, 0x23, 0x05, 0x6f, 0x33, 0x0f,
  0xe4, 0x41, 0x23, 0x38, 0xff, 0x68, 0x83, 0x27, 0x55, 0x23, 0x05, 0x6f,
  0x33, 0x0f, 0xe4, 0x41, 0x23, 0x3c, 0xff, 0x68, 0x83, 0x27, 0x95, 0x23,
  0x05, 0x6f, 0x33, 0x0f, 0xe4, 0x41, 0x23, 0x30, 0xff, 0x6a, 0x83, 0x27,
  0xd5, 0x23, 0x05, 0x6f, 0x33, 0x0f, 0xe4, 0x41, 0x23, 0x34, 0xff, 0x6a,
  0x83, 0x27, 0x15, 0x22, 0x05, 0x6f, 0x33, 0x0f, 0xe4, 0x41, 0x23, 0x3c,
  0xff, 0x60, 0x83, 0x27, 0x55, 0x22, 0x05, 0x6f, 0x33, 0x0f, 0xe4, 0x41,
  0x23, 0x30, 0xff, 0x62, 0x83, 0x27, 0x95, 0x22, 0x05, 0x6f, 0x33, 0x0f,
  0xe4, 0x41, 0x23, 0x34, 0xff, 0x62, 0x83, 0x27, 0xd5, 0x22, 0x05, 0x6f,
  0x33, 0x0f, 0xe4, 0x41, 0x23, 0x38, 0xff, 0x62, 0x03, 0x29, 0x15, 0x21,
  0x83, 0x27, 0x55, 0x21, 0x05, 0x6f, 0x33, 0x0f, 0xe4, 0x41, 0x23, 0x34,
  0xff, 0x5c, 0x03, 0x2f, 0x95, 0x21, 0x83, 0x27, 0xd5, 0x21, 0x85, 0x6f,
  0xb3, 0x0f, 0xf4, 0x41, 0x23, 0xb8, 0xff, 0x5c, 0x83, 0x24, 0x15, 0x20,
  0x83, 0x2b, 0x55, 0x20, 0x83, 0x2f, 0x95, 0x20, 0x03, 0x2c, 0xd5, 0x20,
  0x83, 0x27, 0x15, 0x47, 0x23, 0x34, 0xf4, 0x8e, 0x83, 0x27, 0x55, 0x47,
  0x23, 0x38, 0xf4, 0x8e, 0x83, 0x27, 0x95, 0x47, 0x23, 0x3c, 0xf4, 0x8e,
  0x83, 0x27, 0xd5, 0x47, 0x23, 0x30, 0xf4, 0x90, 0x83, 0x27, 0x15, 0x46,
  0x85, 0x60, 0xb3, 0x00, 0x14, 0x40, 0x23, 0xb0, 0xf0, 0x7c, 0x83, 0x27,
  0x55, 0x46, 0x85, 0x60, 0xb3, 0x00, 0x14, 0x40, 0x23, 0xb4, 0xf0, 0x7c,
  0x83, 0x27, 0x95, 0x46, 0x85, 0x60, 0xb3, 0x00, 0x14, 0x40, 0x23, 0xb8,
  0xf0, 0x7c, 0x83, 0x27, 0xd5, 0x46, 0x85, 0x60, 0xb3, 0x00, 0x14, 0x40,
  0x23, 0xbc, 0xf0, 0x7c, 0x83, 0x27, 0x15, 0x45, 0x85, 0x60, 0xb3, 0x00,
  0x14, 0x40, 0x23, 0xb8, 0xf0, 0x74, 0x83, 0x27, 0x55, 0x45, 0x85, 0x60,
  0xb3, 0x00, 0x14, 0x40, 0x23, 0xbc, 0xf0, 0x74, 0x83, 0x27, 0x95, 0x45,
  0x85, 0x60, 0xb3, 0x00, 0x14, 0x40, 0x23, 0xb0, 0xf0, 0x76, 0x83, 0x27,
  0xd5, 0x45, 0x85, 0x60, 0xb3, 0x00, 0x14, 0x40, 0x23, 0xb4, 0xf0, 0x76,
  0x83, 0x27, 0x15, 0x44, 0x85, 0x60, 0xb3, 0x00, 0x14, 0x40, 0x23, 0xb4,
  0xf0, 0x6e, 0x83, 0x27, 0x55, 0x44, 0x85, 0x60, 0xb3, 0x00, 0x14, 0x40,
  0x23, 0xb8, 0xf0, 0x6e, 0x83, 0x27, 0x95, 0x44, 0x85, 0x60, 0xb3, 0x00,
  0x14, 0x40, 0x23, 0xbc, 0xf0, 0x6e, 0x83, 0x27, 0xd5, 0x44, 0x85, 0x60,
  0xb3, 0x00, 0x14, 0x40, 0x23, 0xb0, 0xf0, 0x70, 0x83, 0x27, 0x15, 0x43,
  0x85, 0x60, 0xb3, 0x00, 0x14, 0x40, 0x23, 0xb8, 0xf0, 0x66, 0x83, 0x27,
  0x55, 0x43, 0x85, 0x60, 0xb3, 0x00, 0x14, 0x40, 0x23, 0xbc, 0xf0, 0x66,
  0x83, 0x27, 0x95, 0x43, 0x85, 0x60, 0xb3, 0x00, 0x14, 0x40, 0x23, 0xb0,
  0xf0, 0x68, 0x83, 0x27, 0xd5, 0x43, 0x85, 0x60, 0xb3, 0x00, 0x14, 0x40,
  0x23, 0xb4, 0xf0, 0x68, 0x83, 0x27, 0x15, 0x42, 0x85, 0x60, 0xb3, 0x00,
  0x14, 0x40, 0x23, 0xbc, 0xf0, 0x5e, 0x83, 0x27, 0x55, 0x42, 0x85, 0x60,
  0xb3, 0x00, 0x14, 0x40, 0x23, 0xb0, 0xf0, 0x60, 0x83, 0x27, 0x95, 0x42,
  0x85, 0x60, 0xb3, 0x00, 0x14, 0x40, 0x23, 0xb4, 0xf0, 0x60, 0x83, 0x27,
  0xd5, 0x42, 0x85, 0x60, 0xb3, 0x00, 0x14, 0x40, 0x23, 0xb8, 0xf0, 0x60,
  0x83, 0x27, 0x15, 0x41, 0x85, 0x60, 0xb3, 0x00, 0x14, 0x40, 0x23, 0xb4,
  0xf0, 0x5a, 0x83, 0x27, 0x55, 0x41, 0x85, 0x60, 0xb3, 0x00, 0x14, 0x40,
  0x23, 0xb8, 0xf0, 0x5a, 0x83, 0x27, 0x95, 0x41, 0x85, 0x60, 0xb3, 0x00,
  0x14, 0x40, 0x23, 0xbc, 0xf0, 0x5a, 0x83, 0x27, 0xd5, 0x41, 0x85, 0x60,
  0xb3, 0x00, 0x14, 0x40, 0x23, 0xb0, 0xf0, 0x5c, 0x83, 0x27, 0x15, 0x40,
  0x85, 0x60, 0xb3, 0x00, 0x14, 0x40, 0x23, 0xb4, 0xf0, 0x56, 0x83, 0x27,
  0x55, 0x40, 0x85, 0x60, 0xb3, 0x00, 0x14, 0x40, 0x23, 0xb8, 0xf0, 0x56,
  0x83, 0x27, 0x95, 0x40, 0x85, 0x60, 0xb3, 0x00, 0x14, 0x40, 0x23, 0xbc,
  0xf0, 0x56, 0x83, 0x27, 0xd5, 0x40, 0x85, 0x60, 0xb3, 0x00, 0x14, 0x40,
  0x23, 0xb0, 0xf0, 0x58, 0x83, 0x27, 0x15, 0x67, 0x23, 0x30, 0xf4, 0x82,
  0x83, 0x27, 0x55, 0x67, 0x23, 0x38, 0xf4, 0x8c, 0x83, 0x27, 0x95, 0x67,
  0x23, 0x3c, 0xf4, 0x8c, 0x83, 0x27, 0xd5, 0x67, 0x23, 0x30, 0xf4, 0x8e,
  0x83, 0x27, 0x15, 0x66, 0x85, 0x60, 0xb3, 0x00, 0x14, 0x40, 0x23, 0xb0,
  0xf0, 0x7a, 0x83, 0x27, 0x55, 0x66, 0x85, 0x60, 0xb3, 0x00, 0x14, 0x40,
  0x23, 0xb4, 0xf0, 0x7a, 0x83, 0x27, 0x95, 0x66, 0x85, 0x60, 0xb3, 0x00,
  0x14, 0x40, 0x23, 0xb8, 0xf0, 0x7a, 0x83, 0x27, 0xd5, 0x66, 0x85, 0x60,
  0xb3, 0x00, 0x14, 0x40, 0x23, 0xbc, 0xf0, 0x7a, 0x83, 0x27, 0x15, 0x65,
  0x85, 0x60, 0xb3, 0x00, 0x14, 0x40, 0x23, 0xb8, 0xf0, 0x72, 0x83, 0x27,
  0x55, 0x65, 0x85, 0x60, 0xb3, 0x00, 0x14, 0x40, 0x23, 0xbc, 0xf0, 0x72,
  0x83, 0x27, 0x95, 0x65, 0x85, 0x60, 0xb3, 0x00, 0x14, 0x40, 0x23, 0xb0,
  0xf0, 0x74, 0x83, 0x27, 0xd5, 0x65, 0x85, 0x60, 0xb3, 0x00, 0x14, 0x40,
  0x23, 0xb4, 0xf0, 0x74, 0x83, 0x27, 0x15, 0x64, 0x85, 0x60, 0xb3, 0x00,
  0x14, 0x40, 0x23, 0xb4, 0xf0, 0x6c, 0x83, 0x27, 0x55, 0x64, 0x85, 0x60,
  0xb3, 0x00, 0x14, 0x40, 0x23, 0xb8, 0xf0, 0x6c, 0x83, 0x27, 0x95, 0x64,
  0x85, 0x60, 0xb3, 0x00, 0x14, 0x40, 0x23, 0xbc, 0xf0, 0x6c, 0x83, 0x27,
  0xd5, 0x64, 0x85, 0x60, 0xb3, 0x00, 0x14, 0x40, 0x23, 0xb0, 0xf0, 0x6e,
  0x83, 0x27, 0x15, 0x63, 0x85, 0x60, 0xb3, 0x00, 0x14, 0x40, 0x23, 0xb8,
  0xf0, 0x64, 0x83, 0x27, 0x55, 0x63, 0x85, 0x60, 0xb3, 0x00, 0x14, 0x40,
  0x23, 0xbc, 0xf0, 0x64, 0x83, 0x27, 0x95, 0x63, 0x85, 0x60, 0xb3, 0x00,
  0x14, 0x40, 0x23, 0xb0, 0xf0, 0x66, 0x83, 0x27, 0xd5, 0x63, 0x85, 0x60,
  0xb3, 0x00, 0x14, 0x40, 0x23, 0xb4, 0xf0, 0x66, 0x83, 0x27, 0x15, 0x62,
  0x85, 0x60, 0xb3, 0x00, 0x14, 0x40, 0x23, 0xbc, 0xf0, 0x5c, 0x83, 0x27,
  0x55, 0x62, 0x85, 0x60, 0xb3, 0x00, 0x14, 0x40, 0x23, 0xb0, 0xf0, 0x5e,
  0x83, 0x27, 0x95, 0x62, 0x85, 0x60, 0xb3, 0x00, 0x14, 0x40, 0x23, 0xb4,
  0xf0, 0x5e, 0x83, 0x27, 0xd5, 0x62, 0x85, 0x60, 0xb3, 0x00, 0x14, 0x40,
  0x23, 0xb8, 0xf0, 0x5e, 0x83, 0x27, 0x15, 0x61, 0x85, 0x60, 0xb3, 0x00,
  0x14, 0x40, 0x23, 0xb4, 0xf0, 0x58, 0x83, 0x27, 0x55, 0x61, 0x85, 0x60,
  0xb3, 0x00, 0x14, 0x40, 0x23, 0xb8, 0xf0, 0x58, 0x83, 0x27, 0x95, 0x61,
  0x85, 0x60, 0xb3, 0x00, 0x14, 0x40, 0x23, 0xbc, 0xf0, 0x58, 0x83, 0x27,
  0xd5, 0x61, 0x85, 0x60, 0xb3, 0x00, 0x14, 0x40, 0x23, 0xb0, 0xf0, 0x5a,
  0x83, 0x27, 0x15, 0x60, 0x85, 0x60, 0xb3, 0x00, 0x14, 0x40, 0x23, 0xb4,
  0xf0, 0x54, 0x83, 0x27, 0x55, 0x60, 0x85, 0x60, 0xb3, 0x00, 0x14, 0x40,
  0x23, 0xb8, 0xf0, 0x54, 0x83, 0x27, 0x95, 0x60, 0x85, 0x60, 0xb3, 0x00,
  0x14, 0x40, 0x23, 0xbc, 0xf0, 0x54, 0x83, 0x30, 0x04, 0xf9, 0x03, 0x25,
  0xd5, 0x60, 0x85, 0x67, 0xb3, 0x07, 0xf4, 0x40, 0x23, 0xb0, 0xa7, 0x56,
  0x03, 0x35, 0x84, 0x8c, 0x23, 0xa8, 0xa5, 0x26, 0x03, 0x35, 0x04, 0x8c,
  0x23, 0xaa, 0xa5, 0x26, 0x03, 0x35, 0x84, 0x8b, 0x23, 0xac, 0xa5, 0x26,
  0x03, 0x35, 0x04, 0x8b, 0x23, 0xae, 0xa5, 0x26, 0x03, 0x35, 0x84, 0x88,
  0x23, 0xa0, 0xa5, 0x26, 0x03, 0x35, 0x04, 0x88, 0x23, 0xa2, 0xa5, 0x26,
  0x03, 0x35, 0x84, 0x87, 0x23, 0xa4, 0xa5, 0x26, 0x03, 0x35, 0x04, 0x87,
  0x23, 0xa6, 0xa5, 0x26, 0x03, 0x35, 0x84, 0x86, 0x23, 0xa8, 0xa5, 0x24,
  0x03, 0x35, 0x04, 0x86, 0x23, 0xaa, 0xa5, 0x24, 0x03, 0x35, 0x84, 0x85,
  0x23, 0xac, 0xa5, 0x24, 0x03, 0x35, 0x04, 0x85, 0x23, 0xae, 0xa5, 0x24,
  0x03, 0x35, 0x84, 0x84, 0x23, 0xa0, 0xa5, 0x24, 0x03, 0x35, 0x04, 0x84,
  0x23, 0xa2, 0xa5, 0x24, 0x03, 0x35, 0x84, 0x83, 0x23, 0xa4, 0xa5, 0x24,
  0x03, 0x35, 0x04, 0x83, 0x23, 0xa6, 0xa5, 0x24, 0x03, 0x35, 0x04, 0x8a,
  0x23, 0xa8, 0xa5, 0x22, 0x03, 0x35, 0x84, 0x89, 0x23, 0xaa, 0xa5, 0x22,
  0x03, 0x35, 0x04, 0x89, 0x23, 0xac, 0xa5, 0x22, 0x03, 0x35, 0x84, 0x82,
  0x23, 0xae, 0xa5, 0x22, 0x03, 0x35, 0x04, 0xee, 0x23, 0xa0, 0xa5, 0x22,
  0x03, 0x35, 0x84, 0xed, 0x23, 0xa2, 0xa5, 0x22, 0x03, 0x35, 0x04, 0xed,
  0x23, 0xa4, 0xa5, 0x22, 0x03, 0x35, 0x84, 0x8a, 0x23, 0xa6, 0xa5, 0x22,
  0x03, 0x35, 0x04, 0xf4, 0x23, 0xa8, 0xa5, 0x20, 0x03, 0x35, 0x84, 0xf3,
  0x23, 0xaa, 0xa5, 0x20, 0x03, 0x35, 0x04, 0xf3, 0x23, 0xac, 0xa5, 0x20,
  0x03, 0x35, 0x84, 0xf2, 0x23, 0xae, 0xa5, 0x20, 0x03, 0x35, 0x04, 0xf8,
  0x23, 0xa0, 0xa5, 0x20, 0x03, 0x35, 0x84, 0xf7, 0x23, 0xa2, 0xa5, 0x20,
  0x03, 0x35, 0x04, 0xf7, 0x23, 0xa4, 0xa5, 0x20, 0x03, 0x35, 0x84, 0xf6,
  0x23, 0xa6, 0xa5, 0x20, 0x03, 0x35, 0x84, 0x9c, 0x23, 0xa8, 0xa5, 0x46,
  0x03, 0x35, 0x04, 0x9c, 0x23, 0xaa, 0xa5, 0x46, 0x03, 0x35, 0x84, 0x9b,
  0x23, 0xac, 0xa5, 0x46, 0x03, 0x35, 0x04, 0x9b, 0x23, 0xae, 0xa5, 0x46,
  0x03, 0x35, 0x84, 0x9a, 0x23, 0xa0, 0xa5, 0x46, 0x03, 0x35, 0x04, 0x9a,
  0x23, 0xa2, 0xa5, 0x46, 0x03, 0x35, 0x84, 0x99, 0x23, 0xa4, 0xa5, 0x46,
  0x03, 0x35, 0x04, 0x99, 0x23, 0xa6, 0xa5, 0x46, 0x03, 0x35, 0x84, 0x98,
  0x23, 0xa8, 0xa5, 0x44, 0x03, 0x35, 0x04, 0x98, 0x23, 0xaa, 0xa5, 0x44,
  0x03, 0x35, 0x84, 0x97, 0x23, 0xac, 0xa5, 0x44, 0x03, 0x35, 0x04, 0x97,
  0x23, 0xae, 0xa5, 0x44, 0x03, 0x35, 0x84, 0x96, 0x23, 0xa0, 0xa5, 0x44,
  0x03, 0x35, 0x04, 0x96, 0x23, 0xa2, 0xa5, 0x44, 0x03, 0x35, 0x84, 0x95,
  0x23, 0xa4, 0xa5, 0x44, 0x03, 0x35, 0x04, 0x95, 0x23, 0xa6, 0xa5, 0x44,
  0x03, 0x35, 0x84, 0x94, 0x23, 0xa8, 0xa5, 0x42, 0x03, 0x35, 0x04, 0x94,
  0x23, 0xaa, 0xa5, 0x42, 0x03, 0x35, 0x84, 0x93, 0x23, 0xac, 0xa5, 0x42,
  0x03, 0x35, 0x04, 0x93, 0x23, 0xae, 0xa5, 0x42, 0x03, 0x35, 0x84, 0x92,
  0x23, 0xa0, 0xa5, 0x42, 0x03, 0x35, 0x04, 0x92, 0x23, 0xa2, 0xa5, 0x42,
  0x03, 0x35, 0x84, 0x91, 0x23, 0xa4, 0xa5, 0x42, 0x03, 0x35, 0x04, 0x91,
  0x23, 0xa6, 0xa5, 0x42, 0x03, 0x35, 0x04, 0xf0, 0x23, 0xa8, 0xa5, 0x40,
  0x03, 0x35, 0x84, 0xef, 0x23, 0xaa, 0xa5, 0x40, 0x03, 0x35, 0x04, 0xef,
  0x23, 0xac, 0xa5, 0x40, 0x03, 0x35, 0x84, 0xee, 0x23, 0xae, 0xa5, 0x40,
  0x03, 0x35, 0x04, 0xf6, 0x23, 0xa0, 0xa5, 0x40, 0x03, 0x35, 0x84, 0xf5,
  0x23, 0xa2, 0xa5, 0x40, 0x03, 0x35, 0x04, 0xf5, 0x23, 0xa4, 0xa5, 0x40,
  0x03, 0x35, 0x84, 0xf4, 0x23, 0xa6, 0xa5, 0x40, 0x23, 0xa8, 0x15, 0x66,
  0x03, 0x35, 0x84, 0xac, 0x23, 0xaa, 0xa5, 0x66, 0x03, 0x35, 0x04, 0xac,
  0x23, 0xac, 0xa5, 0x66, 0x03, 0x35, 0x84, 0xab, 0x23, 0xae, 0xa5, 0x66,
  0x03, 0x35, 0x84, 0xaa, 0x23, 0xa0, 0xa5, 0x66, 0x03, 0x35, 0x04, 0xaa,
  0x23, 0xa2, 0xa5, 0x66, 0x03, 0x35, 0x84, 0xa9, 0x23, 0xa4, 0xa5, 0x66,
  0x03, 0x35, 0x04, 0xa9, 0x23, 0xa6, 0xa5, 0x66, 0x03, 0x35, 0x84, 0xa8,
  0x23, 0xa8, 0xa5, 0x64, 0x03, 0x35, 0x04, 0xa8, 0x23, 0xaa, 0xa5, 0x64,
  0x03, 0x35, 0x84, 0xa7, 0x23, 0xac, 0xa5, 0x64, 0x03, 0x35, 0x04, 0xa7,
  0x23, 0xae, 0xa5, 0x64, 0x03, 0x35, 0x84, 0xa6, 0x23, 0xa0, 0xa5, 0x64,
  0x03, 0x35, 0x04, 0xa6, 0x23, 0xa2, 0xa5, 0x64, 0x03, 0x35, 0x84, 0xa5,
  0x23, 0xa4, 0xa5, 0x64, 0x03, 0x35, 0x04, 0xa5, 0x23, 0xa6, 0xa5, 0x64,
  0x03, 0x35, 0x84, 0xa4, 0x23, 0xa8, 0xa5, 0x62, 0x03, 0x35, 0x04, 0xa4,
  0x23, 0xaa, 0xa5, 0x62, 0x03, 0x35, 0x84, 0xa3, 0x23, 0xac, 0xa5, 0x62,
  0x03, 0x35, 0x04, 0xa3, 0x23, 0xae, 0xa5, 0x62, 0x03, 0x35, 0x84, 0xa2,
  0x23, 0xa0, 0xa5, 0x62, 0x03, 0x35, 0x04, 0xa2, 0x23, 0xa2, 0xa5, 0x62,
  0x03, 0x35, 0x84, 0xa1, 0x23, 0xa4, 0xa5, 0x62, 0x03, 0x35, 0x04, 0xa1,
  0x23, 0xa6, 0xa5, 0x62, 0x03, 0x35, 0x84, 0xa0, 0x23, 0xa8, 0xa5, 0x60,
  0x03, 0x35, 0x04, 0xa0, 0x23, 0xaa, 0xa5, 0x60, 0x03, 0x35, 0x84, 0x9f,
  0x23, 0xac, 0xa5, 0x60, 0x03, 0x35, 0x04, 0x9f, 0x23, 0xae, 0xa5, 0x60,
  0x03, 0x35, 0x04, 0xf2, 0x23, 0xa0, 0xa5, 0x60, 0x03, 0x35, 0x84, 0xf1,
  0x23, 0xa2, 0xa5, 0x60, 0x03, 0x35, 0x04, 0xf1, 0x23, 0xa4, 0xa5, 0x60,
  0x03, 0x35, 0x84, 0xf0, 0x23, 0xa6, 0xa5, 0x60, 0x03, 0x35, 0x84, 0xec,
  0x3a, 0x95, 0x23, 0x34, 0xa4, 0xac, 0x03, 0x35, 0x04, 0xec, 0x36, 0x95,
  0x23, 0x30, 0xa4, 0xac, 0x03, 0x35, 0x84, 0xeb, 0x32, 0x95, 0x23, 0x3c,
  0xa4, 0xaa, 0x03, 0x35, 0x04, 0xeb, 0x1a, 0x95, 0x23, 0x34, 0xa4, 0xaa,
  0x03, 0x35, 0x84, 0xea, 0x1e, 0x95, 0x23, 0x30, 0xa4, 0xaa, 0x03, 0x35,
  0x04, 0xea, 0x16, 0x95, 0x23, 0x3c, 0xa4, 0xa8, 0x03, 0x35, 0x84, 0xe9,
  0x46, 0x95, 0x23, 0x38, 0xa4, 0xa8, 0x03, 0x35, 0x04, 0xe9, 0x42, 0x95,
  0x23, 0x34, 0xa4, 0xa8, 0x03, 0x35, 0x84, 0xe8, 0x85, 0x65, 0xb3, 0x05,
  0xb4, 0x40, 0x83, 0xb5, 0x85, 0x63, 0x2e, 0x95, 0x23, 0x34, 0xa4, 0xa6,
  0x03, 0x35, 0x04, 0xe8, 0x85, 0x65, 0xb3, 0x05, 0xb4, 0x40, 0x83, 0xb5,
  0x05, 0x64, 0x2e, 0x95, 0x23, 0x30, 0xa4, 0xa6, 0x03, 0x35, 0x84, 0xe7,
  0x85, 0x65, 0xb3, 0x05, 0xb4, 0x40, 0x83, 0xb5, 0x85, 0x64, 0x2e, 0x95,
  0x23, 0x3c, 0xa4, 0xa4, 0x03, 0x35, 0x04, 0xe7, 0x6e, 0x95, 0x23, 0x38,
  0xa4, 0xa4, 0x83, 0x3d, 0x84, 0xe6, 0x05, 0x65, 0x33, 0x05, 0xa4, 0x40,
  0x03, 0x35, 0x05, 0x6b, 0x6e, 0x95, 0x23, 0x34, 0xa4, 0xa2, 0x83, 0x30,
  0x04, 0xe6, 0x05, 0x65, 0x33, 0x05, 0xa4, 0x40, 0x03, 0x35, 0x85, 0x6b,
  0x06, 0x95, 0x23, 0x30, 0xa4, 0xa2, 0x03, 0x35, 0x84, 0xe5, 0x85, 0x65,
  0xb3, 0x05, 0xb4, 0x40, 0x83, 0xb5, 0x05, 0x6c, 0x2e, 0x95, 0x23, 0x3c,
  0xa4, 0xa0, 0x03, 0x35, 0x04, 0xe5, 0x4e, 0x95, 0x23, 0x38, 0xa4, 0xa0,
  0x83, 0x39, 0x84, 0xe4, 0xb3, 0x00, 0x3a, 0x01, 0x03, 0x3a, 0x04, 0xe4,
  0x56, 0x9a, 0x83, 0x3a, 0x84, 0xe3, 0xda, 0x9a, 0x03, 0x3b, 0x04, 0xe3,
  0x05, 0x65, 0x33, 0x05, 0xa4, 0x40, 0x03, 0x35, 0x85, 0x72, 0x2a, 0x9b,
  0x03, 0x33, 0x84, 0xe2, 0x05, 0x65, 0x33, 0x05, 0xa4, 0x40, 0x03, 0x35,
  0x05, 0x79, 0x2a, 0x93, 0x83, 0x33, 0x04, 0xe2, 0xf2, 0x93, 0x03, 0x3e,
  0x84, 0xe1, 0x76, 0x9e, 0x83, 0x3e, 0x04, 0xe1, 0x05, 0x65, 0x33, 0x05,
  0xa4, 0x40, 0x03, 0x35, 0x85, 0x79, 0xaa, 0x9e, 0x83, 0x37, 0x84, 0xe0,
  0x03, 0x35, 0x04, 0x80, 0xaa, 0x97, 0x03, 0x38, 0x04, 0xe0, 0x03, 0x35,
  0x84, 0x80, 0x2a, 0x98, 0x83, 0x38, 0x84, 0xdf, 0x03, 0x35, 0x04, 0x81,
  0xaa, 0x98, 0x83, 0x32, 0x04, 0xdf, 0x03, 0x35, 0x84, 0x81, 0xaa, 0x92,
  0x03, 0x35, 0x84, 0xde, 0x83, 0x35, 0x84, 0x9e, 0x2e, 0x95, 0x03, 0x36,
  0x04, 0xde, 0x83, 0x35, 0x04, 0xab, 0x2e, 0x96, 0x83, 0x36, 0x84, 0xdd,
  0xea, 0x96, 0x03, 0x37, 0x04, 0xdd, 0x66, 0x97, 0x83, 0x35, 0x84, 0xdc,
  0xa6, 0x95, 0x23, 0x30, 0xb4, 0xe8, 0x83, 0x35, 0x04, 0xdc, 0xde, 0x95,
  0x23, 0x3c, 0xb4, 0xe6, 0x83, 0x35, 0x84, 0xdb, 0xfe, 0x95, 0x23, 0x38,
  0xb4, 0xe6, 0x83, 0x35, 0x04, 0xdb, 0xe2, 0x95, 0x23, 0x34, 0xb4, 0xe6,
  0x83, 0x35, 0x84, 0xda, 0xca, 0x95, 0x23, 0x30, 0xb4, 0xe2, 0x83, 0x35,
  0x04, 0xda, 0x85, 0x6f, 0xb3, 0x0f, 0xf4, 0x41, 0x83, 0xb4, 0x8f, 0x5c,
  0xa6, 0x95, 0x23, 0x3c, 0xb4, 0xe0, 0x83, 0x35, 0x84, 0xd9, 0xfa, 0x95,
  0x23, 0x38, 0xb4, 0xe0, 0x83, 0x35, 0x04, 0xd9, 0x05, 0x6f, 0x33, 0x0f,
  0xe4, 0x41, 0x83, 0x34, 0x0f, 0x5d, 0xa6, 0x95, 0x23, 0x34, 0xb4, 0xe0,
  0x83, 0x35, 0x84, 0xd8, 0x05, 0x6f, 0x33, 0x0f, 0xe4, 0x41, 0x83, 0x34,
  0x8f, 0x61, 0xa6, 0x95, 0x23, 0x30, 0xb4, 0xdc, 0x83, 0x35, 0x04, 0xd8,
  0x05, 0x6f, 0x33, 0x0f, 0xe4, 0x41, 0x83, 0x34, 0x0f, 0x62, 0xa6, 0x95,
  0x23, 0x3c, 0xb4, 0xda, 0x83, 0x35, 0x84, 0xd7, 0x05, 0x6f, 0x33, 0x0f,
  0xe4, 0x41, 0x83, 0x34, 0x8f, 0x62, 0xa6, 0x95, 0x23, 0x38, 0xb4, 0xda,
  0x83, 0x35, 0x04, 0xd7, 0x05, 0x6f, 0x33, 0x0f, 0xe4, 0x41, 0x83, 0x34,
  0x0f, 0x63, 0xa6, 0x95, 0x23, 0x34, 0xb4, 0xda, 0x83, 0x35, 0x84, 0xd6,
  0x05, 0x6f, 0x33, 0x0f, 0xe4, 0x41, 0x83, 0x34, 0x0f, 0x69, 0xa6, 0x95,
  0x23, 0x34, 0xb4, 0xd6, 0x83, 0x35, 0x04, 0xd6, 0x05, 0x6f, 0x33, 0x0f,
  0xe4, 0x41, 0x83, 0x34, 0x8f, 0x69, 0xa6, 0x95, 0x23, 0x30, 0xb4, 0xd6,
  0x83, 0x35, 0x84, 0xd5, 0x05, 0x6f, 0x33, 0x0f, 0xe4, 0x41, 0x83, 0x34,
  0x0f, 0x6a, 0xa6, 0x95, 0x23, 0x3c, 0xb4, 0xd4, 0x83, 0x35, 0x04, 0xd5,
  0x05, 0x6f, 0x33, 0x0f, 0xe4, 0x41, 0x83, 0x34, 0x8f, 0x6a, 0xa6, 0x95,
  0x23, 0x38, 0xb4, 0xd4, 0x83, 0x35, 0x84, 0xd4, 0x05, 0x6f, 0x33, 0x0f,
  0xe4, 0x41, 0x83, 0x34, 0x8f, 0x70, 0xa6, 0x95, 0x23, 0x38, 0xb4, 0xaa,
  0x83, 0x35, 0x04, 0xd4, 0x05, 0x6f, 0x33, 0x0f, 0xe4, 0x41, 0x83, 0x34,
  0x0f, 0x71, 0xa6, 0x95, 0x23, 0x30, 0xb4, 0xa8, 0x83, 0x35, 0x84, 0xd3,
  0x05, 0x6f, 0x33, 0x0f, 0xe4, 0x41, 0x83, 0x34, 0x8f, 0x71, 0xa6, 0x95,
  0x23, 0x3c, 0xb4, 0xa6, 0x83, 0x35, 0x04, 0xd3, 0x05, 0x6f, 0x33, 0x0f,
  0xe4, 0x41, 0x83, 0x34, 0x0f, 0x72, 0xa6, 0x95, 0x23, 0x38, 0xb4, 0xa6,
  0x83, 0x35, 0x84, 0xd2, 0x05, 0x6f, 0x33, 0x0f, 0xe4, 0x41, 0x83, 0x34,
  0x0f, 0x77, 0xa6, 0x95, 0x23, 0x34, 0xb4, 0xa4, 0x83, 0x35, 0x04, 0xd2,
  0x05, 0x6f, 0x33, 0x0f, 0xe4, 0x41, 0x83, 0x34, 0x8f, 0x77, 0xa6, 0x95,
  0x23, 0x30, 0xb4, 0xa4, 0x83, 0x35, 0x84, 0xd1, 0x05, 0x6f, 0x33, 0x0f,
  0xe4, 0x41, 0x83, 0x34, 0x0f, 0x78, 0xa6, 0x95, 0x23, 0x3c, 0xb4, 0xa2,
  0x83, 0x35, 0x04, 0xd1, 0x05, 0x6f, 0x33, 0x0f, 0xe4, 0x41, 0x83, 0x34,
  0x8f, 0x78, 0xa6, 0x95, 0x23, 0x38, 0xb4, 0xa2, 0x83, 0x3b, 0x84, 0xd0,
  0x85, 0x65, 0xb3, 0x05, 0xb4, 0x40, 0x83, 0xb5, 0x05, 0x7e, 0xae, 0x9b,
  0x03, 0x3c, 0x04, 0xd0, 0x85, 0x65, 0xb3, 0x05, 0xb4, 0x40, 0x83, 0xb5,
  0x85, 0x7e, 0x2e, 0x9c, 0x83, 0x3c, 0x84, 0xcf, 0x85, 0x65, 0xb3, 0x05,
  0xb4, 0x40, 0x83, 0xb5, 0x05, 0x7f, 0xae, 0x9c, 0x03, 0x3d, 0x04, 0xcf,
  0x85, 0x65, 0xb3, 0x05, 0xb4, 0x40, 0x83, 0xb5, 0x85, 0x7f, 0x2e, 0x9d,
  0x03, 0x3f, 0x84, 0xce, 0x83, 0x35, 0x84, 0x90, 0x2e, 0x9f, 0x83, 0x3f,
  0x04, 0xce, 0x83, 0x35, 0x04, 0x9d, 0xae, 0x9f, 0x83, 0x34, 0x84, 0xcd,
  0x83, 0x35, 0x84, 0x9d, 0xb3, 0x89, 0x95, 0x00, 0x03, 0x39, 0x04, 0xcd,
  0x83, 0x35, 0x04, 0x9e, 0x2e, 0x99, 0x83, 0x35, 0x84, 0xcc, 0x85, 0x64,
  0xb3, 0x04, 0x94, 0x40, 0x83, 0xb4, 0x84, 0x56, 0xa6, 0x95, 0x23, 0x30,
  0xb4, 0xf2, 0x83, 0x35, 0x04, 0xcc, 0x85, 0x64, 0xb3, 0x04, 0x94, 0x40,
  0x83, 0xb4, 0x04, 0x57, 0xa6, 0x95, 0x23, 0x3c, 0xb4, 0xf0, 0x83, 0x35,
  0x84, 0xcb, 0x85, 0x64, 0xb3, 0x04, 0x94, 0x40, 0x83, 0xb4, 0x84, 0x57,
  0xa6, 0x95, 0x23, 0x38, 0xb4, 0xf0, 0x83, 0x35, 0x04, 0xcb, 0x85, 0x64,
  0xb3, 0x04, 0x94, 0x40, 0x83, 0xb4, 0x04, 0x58, 0xa6, 0x95, 0x23, 0x34,
  0xb4, 0xf0, 0x83, 0x35, 0x84, 0xca, 0x85, 0x64, 0xb3, 0x04, 0x94, 0x40,
  0x83, 0xb4, 0x84, 0x5a, 0xa6, 0x95, 0x23, 0x30, 0xb4, 0xee, 0x83, 0x35,
  0x04, 0xca, 0x85, 0x64, 0xb3, 0x04, 0x94, 0x40, 0x83, 0xb4, 0x04, 0x5b,
  0xa6, 0x95, 0x23, 0x3c, 0xb4, 0xec, 0x83, 0x35, 0x84, 0xc9, 0x85, 0x64,
  0xb3, 0x04, 0x94, 0x40, 0x83, 0xb4, 0x84, 0x5b, 0xa6, 0x95, 0x23, 0x38,
  0xb4, 0xec, 0x83, 0x35, 0x04, 0xc9, 0x85, 0x64, 0xb3, 0x04, 0x94, 0x40,
  0x83, 0xb4, 0x04, 0x5c, 0xa6, 0x95, 0x23, 0x34, 0xb4, 0xec, 0x83, 0x35,
  0x84, 0xc8, 0x85, 0x64, 0xb3, 0x04, 0x94, 0x40, 0x83, 0xb4, 0x84, 0x5f,
  0xa6, 0x95, 0x23, 0x30, 0xb4, 0xea, 0x83, 0x35, 0x04, 0xc8, 0x85, 0x64,
  0xb3, 0x04, 0x94, 0x40, 0x83, 0xb4, 0x04, 0x60, 0xa6, 0x95, 0x23, 0x3c,
  0xb4, 0xe8, 0x83, 0x35, 0x84, 0xc7, 0x85, 0x64, 0xb3, 0x04, 0x94, 0x40,
  0x83, 0xb4, 0x84, 0x60, 0xa6, 0x95, 0x23, 0x38, 0xb4, 0xe8, 0x83, 0x35,
  0x04, 0xc7, 0x85, 0x64, 0xb3, 0x04, 0x94, 0x40, 0x83, 0xb4, 0x04, 0x61,
  0xa6, 0x95, 0x23, 0x34, 0xb4, 0xe8, 0x83, 0x35, 0x84, 0xc6, 0x85, 0x64,
  0xb3, 0x04, 0x94, 0x40, 0x83, 0xb4, 0x04, 0x67, 0xa6, 0x95, 0x23, 0x30,
  0xb4, 0xe4, 0x83, 0x35, 0x04, 0xc6, 0x85, 0x64, 0xb3, 0x04, 0x94, 0x40,
  0x83, 0xb4, 0x84, 0x67, 0xa6, 0x95, 0x23, 0x3c, 0xb4, 0xe2, 0x83, 0x35,
  0x84, 0xc5, 0x85, 0x64, 0xb3, 0x04, 0x94, 0x40, 0x83, 0xb4, 0x04, 0x68,
  0xa6, 0x95, 0x23, 0x38, 0xb4, 0xe2, 0x83, 0x35, 0x04, 0xc5, 0x85, 0x64,
  0xb3, 0x04, 0x94, 0x40, 0x83, 0xb4, 0x84, 0x68, 0xa6, 0x95, 0x23, 0x34,
  0xb4, 0xe2, 0x83, 0x35, 0x84, 0xc4, 0x85, 0x64, 0xb3, 0x04, 0x94, 0x40,
  0x83, 0xb4, 0x84, 0x6e, 0xa6, 0x95, 0x23, 0x30, 0xb4, 0xde, 0x83, 0x35,
  0x04, 0xc4, 0x85, 0x64, 0xb3, 0x04, 0x94, 0x40, 0x83, 0xb4, 0x04, 0x6f,
  0xa6, 0x95, 0x23, 0x3c, 0xb4, 0xdc, 0x83, 0x35, 0x84, 0xc3, 0x85, 0x64,
  0xb3, 0x04, 0x94, 0x40, 0x83, 0xb4, 0x84, 0x6f, 0xa6, 0x95, 0x23, 0x38,
  0xb4, 0xdc, 0x83, 0x35, 0x04, 0xc3, 0x85, 0x64, 0xb3, 0x04, 0x94, 0x40,
  0x83, 0xb4, 0x04, 0x70, 0xa6, 0x95, 0x23, 0x34, 0xb4, 0xdc, 0x83, 0x35,
  0x84, 0xc2, 0x85, 0x64, 0xb3, 0x04, 0x94, 0x40, 0x83, 0xb4, 0x04, 0x75,
  0xa6, 0x95, 0x23, 0x34, 0xb4, 0xd8, 0x83, 0x35, 0x04, 0xc2, 0x85, 0x64,
  0xb3, 0x04, 0x94, 0x40, 0x83, 0xb4, 0x84, 0x75, 0xa6, 0x95, 0x23, 0x30,
  0xb4, 0xd8, 0x83, 0x35, 0x84, 0xc1, 0x85, 0x64, 0xb3, 0x04, 0x94, 0x40,
  0x83, 0xb4, 0x04, 0x76, 0xa6, 0x95, 0x23, 0x3c, 0xb4, 0xd6, 0x83, 0x35,
  0x04, 0xc1, 0x85, 0x64, 0xb3, 0x04, 0x94, 0x40, 0x83, 0xb4, 0x84, 0x76,
  0xa6, 0x95, 0x23, 0x38, 0xb4, 0xd6, 0x83, 0x35, 0x84, 0xc0, 0x85, 0x64,
  0xb3, 0x04, 0x94, 0x40, 0x83, 0xb4, 0x04, 0x7c, 0xa6, 0x95, 0x23, 0x34,
  0xb4, 0xd4, 0x83, 0x35, 0x04, 0xc0, 0x85, 0x64, 0xb3, 0x04, 0x94, 0x40,
  0x83, 0xb4, 0x84, 0x7c, 0xa6, 0x95, 0x23, 0x30, 0xb4, 0xd4, 0x83, 0x35,
  0x84, 0xbf, 0x85, 0x64, 0xb3, 0x04, 0x94, 0x40, 0x83, 0xb4, 0x04, 0x7d,
  0xa6, 0x95, 0x23, 0x3c, 0xb4, 0xd2, 0x83, 0x35, 0x04, 0xbf, 0x85, 0x64,
  0xb3, 0x04, 0x94, 0x40, 0x83, 0xb4, 0x84, 0x7d, 0xa6, 0x95, 0x23, 0x38,
  0xb4, 0xd2, 0x83, 0x35, 0x84, 0xbe, 0x83, 0x34, 0x84, 0x8e, 0xa6, 0x95,
  0x23, 0x34, 0xb4, 0xd2, 0x83, 0x35, 0x04, 0xbe, 0x83, 0x34, 0x04, 0x8f,
  0xa6, 0x95, 0x23, 0x30, 0xb4, 0xd2, 0x83, 0x35, 0x84, 0xbd, 0x83, 0x34,
  0x84, 0x8f, 0xa6, 0x95, 0x23, 0x3c, 0xb4, 0xd0, 0x83, 0x35, 0x04, 0xbd,
  0x83, 0x34, 0x04, 0x90, 0xa6, 0x95, 0x23, 0x38, 0xb4, 0xd0, 0x83, 0x35,
  0x84, 0xbc, 0x85, 0x64, 0xb3, 0x04, 0x94, 0x40, 0x83, 0xb4, 0x84, 0x54,
  0xa6, 0x95, 0x23, 0x3c, 0xb4, 0xf6, 0x83, 0x35, 0x04, 0xbc, 0x85, 0x64,
  0xb3, 0x04, 0x94, 0x40, 0x83, 0xb4, 0x04, 0x55, 0xa6, 0x95, 0x23, 0x38,
  0xb4, 0xf6, 0x83, 0x35, 0x84, 0xbb, 0x85, 0x64, 0xb3, 0x04, 0x94, 0x40,
  0x83, 0xb4, 0x84, 0x55, 0xa6, 0x95, 0x23, 0x34, 0xb4, 0xf6, 0x83, 0x35,
  0x04, 0xbb, 0x85, 0x64, 0xb3, 0x04, 0x94, 0x40, 0x83, 0xb4, 0x04, 0x56,
  0xa6, 0x95, 0x23, 0x30, 0xb4, 0xf8, 0x83, 0x35, 0x84, 0xba, 0x85, 0x64,
  0xb3, 0x04, 0x94, 0x40, 0x83, 0xb4, 0x84, 0x58, 0xa6, 0x95, 0x23, 0x30,
  0xb4, 0xf6, 0x83, 0x35, 0x04, 0xba, 0x85, 0x64, 0xb3, 0x04, 0x94, 0x40,
  0x83, 0xb4, 0x04, 0x59, 0xa6, 0x95, 0x23, 0x3c, 0xb4, 0xf4, 0x83, 0x35,
  0x84, 0xb9, 0x85, 0x64, 0xb3, 0x04, 0x94, 0x40, 0x83, 0xb4, 0x84, 0x59,
  0xa6, 0x95, 0x23, 0x38, 0xb4, 0xf4, 0x83, 0x35, 0x04, 0xb9, 0x85, 0x64,
  0xb3, 0x04, 0x94, 0x40, 0x83, 0xb4, 0x04, 0x5a, 0xa6, 0x95, 0x23, 0x34,
  0xb4, 0xf4, 0x83, 0x35, 0x84, 0xb8, 0x85, 0x64, 0xb3, 0x04, 0x94, 0x40,
  0x83, 0xb4, 0x84, 0x5d, 0xa6, 0x95, 0x23, 0x30, 0xb4, 0xf4, 0x83, 0x35,
  0x04, 0xb8, 0x85, 0x64, 0xb3, 0x04, 0x94, 0x40, 0x83, 0xb4, 0x04, 0x5e,
  0xa6, 0x95, 0x23, 0x3c, 0xb4, 0xf2, 0x83, 0x35, 0x84, 0xb7, 0x85, 0x64,
  0xb3, 0x04, 0x94, 0x40, 0x83, 0xb4, 0x84, 0x5e, 0xa6, 0x95, 0x23, 0x38,
  0xb4, 0xf2, 0x83, 0x35, 0x04, 0xb7, 0x85, 0x64, 0xb3, 0x04, 0x94, 0x40,
  0x83, 0xb4, 0x04, 0x5f, 0xa6, 0x95, 0x23, 0x34, 0xb4, 0xf2, 0x83, 0x35,
  0x84, 0xb6, 0x85, 0x64, 0xb3, 0x04, 0x94, 0x40, 0x83, 0xb4, 0x04, 0x65,
  0xa6, 0x95, 0x23, 0x30, 0xb4, 0xf0, 0x83, 0x35, 0x04, 0xb6, 0x85, 0x64,
  0xb3, 0x04, 0x94, 0x40, 0x83, 0xb4, 0x84, 0x65, 0xa6, 0x95, 0x23, 0x3c,
  0xb4, 0xee, 0x83, 0x35, 0x84, 0xb5, 0x85, 0x64, 0xb3, 0x04, 0x94, 0x40,
  0x83, 0xb4, 0x04, 0x66, 0xa6, 0x95, 0x23, 0x38, 0xb4, 0xee, 0x83, 0x35,
  0x04, 0xb5, 0x85, 0x64, 0xb3, 0x04, 0x94, 0x40, 0x83, 0xb4, 0x84, 0x66,
  0xa6, 0x95, 0x23, 0x34, 0xb4, 0xee, 0x83, 0x35, 0x84, 0xb4, 0x85, 0x64,
  0xb3, 0x04, 0x94, 0x40, 0x83, 0xb4, 0x84, 0x6c, 0xa6, 0x95, 0x23, 0x30,
  0xb4, 0xec, 0x83, 0x35, 0x04, 0xb4, 0x85, 0x64, 0xb3, 0x04, 0x94, 0x40,
  0x83, 0xb4, 0x04, 0x6d, 0xa6, 0x95, 0x23, 0x3c, 0xb4, 0xea, 0x83, 0x35,
  0x84, 0xb3, 0x85, 0x64, 0xb3, 0x04, 0x94, 0x40, 0x83, 0xb4, 0x84, 0x6d,
  0xa6, 0x95, 0x23, 0x38, 0xb4, 0xea, 0x83, 0x35, 0x04, 0xb3, 0x85, 0x64,
  0xb3, 0x04, 0x94, 0x40, 0x83, 0xb4, 0x04, 0x6e, 0xa6, 0x95, 0x23, 0x34,
  0xb4, 0xea, 0x83, 0x35, 0x84, 0xb2, 0x85, 0x64, 0xb3, 0x04, 0x94, 0x40,
  0x83, 0xb4, 0x04, 0x73, 0xa6, 0x95, 0x23, 0x30, 0xb4, 0xe6, 0x83, 0x35,
  0x04, 0xb2, 0x85, 0x64, 0xb3, 0x04, 0x94, 0x40, 0x83, 0xb4, 0x84, 0x73,
  0xa6, 0x95, 0x23, 0x3c, 0xb4, 0xe4, 0x83, 0x35, 0x84, 0xb1, 0x85, 0x64,
  0xb3, 0x04, 0x94, 0x40, 0x83, 0xb4, 0x04, 0x74, 0xa6, 0x95, 0x23, 0x38,
  0xb4, 0xe4, 0x83, 0x35, 0x04, 0xb1, 0x85, 0x64, 0xb3, 0x04, 0x94, 0x40,
  0x83, 0xb4, 0x84, 0x74, 0xa6, 0x95, 0x23, 0x34, 0xb4, 0xe4, 0x83, 0x35,
  0x84, 0xb0, 0x85, 0x64, 0xb3, 0x04, 0x94, 0x40, 0x83, 0xb4, 0x04, 0x7a,
  0xa6, 0x95, 0x23, 0x30, 0xb4, 0xe0, 0x83, 0x35, 0x04, 0xb0, 0x85, 0x64,
  0xb3, 0x04, 0x94, 0x40, 0x83, 0xb4, 0x84, 0x7a, 0xa6, 0x95, 0x23, 0x3c,
  0xb4, 0xde, 0x83, 0x35, 0x84, 0xaf, 0x85, 0x64, 0xb3, 0x04, 0x94, 0x40,
  0x83, 0xb4, 0x04, 0x7b, 0xa6, 0x95, 0x23, 0x38, 0xb4, 0xde, 0x83, 0x35,
  0x04, 0xaf, 0x85, 0x64, 0xb3, 0x04, 0x94, 0x40, 0x83, 0xb4, 0x84, 0x7b,
  0xa6, 0x95, 0x23, 0x34, 0xb4, 0xde, 0x83, 0x35, 0x84, 0xae, 0x83, 0x34,
  0x04, 0x82, 0xa6, 0x95, 0x23, 0x30, 0xb4, 0xda, 0x83, 0x35, 0x04, 0xae,
  0x83, 0x34, 0x04, 0x8d, 0xa6, 0x95, 0x23, 0x3c, 0xb4, 0xd8, 0x83, 0x35,
  0x84, 0xad, 0x83, 0x34, 0x84, 0x8d, 0xa6, 0x95, 0x23, 0x38, 0xb4, 0xd8,
  0x83, 0x35, 0x04, 0xad, 0x83, 0x34, 0x04, 0x8e, 0xae, 0x94, 0x85, 0x65,
  0xb3, 0x05, 0xb4, 0x40, 0x83, 0xb5, 0x05, 0xf3, 0x83, 0x3d, 0x84, 0xf8,
  0xee, 0x95, 0xa3, 0xa8, 0xa5, 0x06, 0xa3, 0xaa, 0xc5, 0x06, 0xa3, 0xac,
  0xd5, 0x06, 0xa3, 0xae, 0xe5, 0x06, 0xa3, 0xa0, 0xf5, 0x06, 0xa3, 0xa2,
  0x05, 0x07, 0xa3, 0xa4, 0x15, 0x07, 0xa3, 0xa6, 0x55, 0x06, 0xa3, 0xa8,
  0x65, 0x04, 0xa3, 0xaa, 0x75, 0x04, 0xa3, 0xac, 0xc5, 0x05, 0xa3, 0xae,
  0xd5, 0x05, 0xa3, 0xa0, 0x15, 0x04, 0xa3, 0xa2, 0x45, 0x05, 0xa3, 0xa4,
  0x55, 0x05, 0xa3, 0xa6, 0x65, 0x05, 0x03, 0x35, 0x84, 0xa2, 0xa3, 0xa8,
  0xa5, 0x02, 0x03, 0x35, 0x04, 0xa2, 0xa3, 0xaa, 0xa5, 0x02, 0x03, 0x35,
  0x84, 0xa1, 0xa3, 0xac, 0xa5, 0x02, 0x03, 0x35, 0x04, 0xa1, 0xa3, 0xae,
  0xa5, 0x02, 0x03, 0x35, 0x84, 0xa6, 0xa3, 0xa0, 0xa5, 0x02, 0x03, 0x35,
  0x04, 0xa6, 0xa3, 0xa2, 0xa5, 0x02, 0x03, 0x35, 0x84, 0xa5, 0xa3, 0xa4,
  0xa5, 0x02, 0x03, 0x35, 0x04, 0xa5, 0xa3, 0xa6, 0xa5, 0x02, 0x03, 0x35,
  0x04, 0xaa, 0xa3, 0xa8, 0xa5, 0x00, 0x03, 0x35, 0x84, 0xa9, 0xa3, 0xaa,
  0xa5, 0x00, 0x03, 0x35, 0x04, 0xa9, 0xa3, 0xac, 0xa5, 0x00, 0x03, 0x35,
  0x84, 0xa8, 0xa3, 0xae, 0xa5, 0x00, 0x03, 0x35, 0x84, 0xac, 0xa3, 0xa0,
  0xa5, 0x00, 0x03, 0x35, 0x04, 0xac, 0xa3, 0xa2, 0xa5, 0x00, 0x03, 0x35,
  0x84, 0xab, 0xa3, 0xa4, 0xa5, 0x00, 0x03, 0x35, 0x84, 0xaa, 0xa3, 0xa6,
  0xa5, 0x00, 0xa3, 0xa8, 0xe5, 0x27, 0xa3, 0xaa, 0xf5, 0x27, 0xa3, 0xac,
  0x35, 0x27, 0xa3, 0xae, 0x25, 0x27, 0xa3, 0xa0, 0x75, 0x27, 0xa3, 0xa2,
  0x85, 0x27, 0xa3, 0xa4, 0x95, 0x27, 0xa3, 0xa6, 0xa5, 0x27, 0x03, 0x35,
  0x84, 0xa4, 0xa3, 0xa8, 0xa5, 0x24, 0x03, 0x35, 0x04, 0xa4, 0xa3, 0xaa,
  0xa5, 0x24, 0x03, 0x35, 0x84, 0xa3, 0xa3, 0xac, 0xa5, 0x24, 0x03, 0x35,
  0x04, 0xa3, 0xa3, 0xae, 0xa5, 0x24, 0x03, 0x35, 0x04, 0xab, 0xa3, 0xa0,
  0xa5, 0x24, 0x03, 0x35, 0x04, 0xa8, 0xa3, 0xa2, 0xa5, 0x24, 0x03, 0x35,
  0x84, 0xa7, 0xa3, 0xa4, 0xa5, 0x24, 0x03, 0x35, 0x04, 0xa7, 0xa3, 0xa6,
  0xa5, 0x24, 0x03, 0x35, 0x84, 0xd6, 0xa3, 0xa8, 0xa5, 0x22, 0x03, 0x35,
  0x04, 0xd6, 0xa3, 0xaa, 0xa5, 0x22, 0x03, 0x35, 0x84, 0xd5, 0xa3, 0xac,
  0xa5, 0x22, 0x03, 0x35, 0x04, 0xd5, 0xa3, 0xae, 0xa5, 0x22, 0x03, 0x35,
  0x04, 0xdc, 0xa3, 0xa0, 0xa5, 0x22, 0x03, 0x35, 0x84, 0xdb, 0xa3, 0xa2,
  0xa5, 0x22, 0x03, 0x35, 0x04, 0xdb, 0xa3, 0xa4, 0xa5, 0x22, 0x03, 0x35,
  0x84, 0xda, 0xa3, 0xa6, 0xa5, 0x22, 0x03, 0x35, 0x04, 0xe2, 0xa3, 0xa8,
  0xa5, 0x20, 0x03, 0x35, 0x84, 0xe1, 0xa3, 0xaa, 0xa5, 0x20, 0x03, 0x35,
  0x04, 0xe1, 0xa3, 0xac, 0xa5, 0x20, 0x03, 0x35, 0x84, 0xe0, 0xa3, 0xae,
  0xa5, 0x20, 0x03, 0x35, 0x04, 0xe8, 0xa3, 0xa0, 0xa5, 0x20, 0x03, 0x35,
  0x84, 0xe7, 0xa3, 0xa2, 0xa5, 0x20, 0x03, 0x35, 0x04, 0xe7, 0xa3, 0xa4,
  0xa5, 0x20, 0x03, 0x35, 0x84, 0xe6, 0xa3, 0xa6, 0xa5, 0x20, 0x03, 0x35,
  0x84, 0xd2, 0xa3, 0xa8, 0xa5, 0x46, 0x03, 0x35, 0x04, 0xd2, 0xa3, 0xaa,
  0xa5, 0x46, 0x03, 0x35, 0x84, 0xd1, 0xa3, 0xac, 0xa5, 0x46, 0x03, 0x35,
  0x04, 0xd1, 0xa3, 0xae, 0xa5, 0x46, 0x03, 0x35, 0x84, 0xd4, 0xa3, 0xa0,
  0xa5, 0x46, 0x03, 0x35, 0x04, 0xd4, 0xa3, 0xa2, 0xa5, 0x46, 0x03, 0x35,
  0x84, 0xd3, 0xa3, 0xa4, 0xa5, 0x46, 0x03, 0x35, 0x04, 0xd3, 0xa3, 0xa6,
  0xa5, 0x46, 0x03, 0x35, 0x84, 0xd8, 0xa3, 0xa8, 0xa5, 0x44, 0x03, 0x35,
  0x04, 0xd8, 0xa3, 0xaa, 0xa5, 0x44, 0x03, 0x35, 0x84, 0xd7, 0xa3, 0xac,
  0xa5, 0x44, 0x03, 0x35, 0x04, 0xd7, 0xa3, 0xae, 0xa5, 0x44, 0x03, 0x35,
  0x04, 0xde, 0xa3, 0xa0, 0xa5, 0x44, 0x03, 0x35, 0x84, 0xdd, 0xa3, 0xa2,
  0xa5, 0x44, 0x03, 0x35, 0x04, 0xdd, 0xa3, 0xa4, 0xa5, 0x44, 0x03, 0x35,
  0x84, 0xdc, 0xa3, 0xa6, 0xa5, 0x44, 0x03, 0x35, 0x04, 0xe4, 0xa3, 0xa8,
  0xa5, 0x42, 0x03, 0x35, 0x84, 0xe3, 0xa3, 0xaa, 0xa5, 0x42, 0x03, 0x35,
  0x04, 0xe3, 0xa3, 0xac, 0xa5, 0x42, 0x03, 0x35, 0x84, 0xe2, 0xa3, 0xae,
  0xa5, 0x42, 0x03, 0x35, 0x04, 0xea, 0xa3, 0xa0, 0xa5, 0x42, 0x03, 0x35,
  0x84, 0xe9, 0xa3, 0xa2, 0xa5, 0x42, 0x03, 0x35, 0x04, 0xe9, 0xa3, 0xa4,
  0xa5, 0x42, 0x03, 0x35, 0x84, 0xe8, 0xa3, 0xa6, 0xa5, 0x42, 0x03, 0x35,
  0x04, 0xee, 0xa3, 0xa8, 0xa5, 0x40, 0x03, 0x35, 0x84, 0xed, 0xa3, 0xaa,
  0xa5, 0x40, 0x03, 0x35, 0x04, 0xed, 0xa3, 0xac, 0xa5, 0x40, 0x03, 0x35,
  0x84, 0xec, 0xa3, 0xae, 0xa5, 0x40, 0x03, 0x35, 0x04, 0xf2, 0xa3, 0xa0,
  0xa5, 0x40, 0x03, 0x35, 0x84, 0xf1, 0xa3, 0xa2, 0xa5, 0x40, 0x03, 0x35,
  0x04, 0xf1, 0xa3, 0xa4, 0xa5, 0x40, 0x03, 0x35, 0x84, 0xf0, 0xa3, 0xa6,
  0xa5, 0x40, 0x03, 0x35, 0x04, 0xda, 0xa3, 0xa8, 0xa5, 0x66, 0x03, 0x35,
  0x84, 0xd9, 0xa3, 0xaa, 0xa5, 0x66, 0x03, 0x35, 0x04, 0xd9, 0xa3, 0xac,
  0xa5, 0x66, 0xa3, 0xae, 0x95, 0x66, 0x03, 0x35, 0x04, 0xe0, 0xa3, 0xa0,
  0xa5, 0x66, 0x03, 0x35, 0x84, 0xdf, 0xa3, 0xa2, 0xa5, 0x66, 0x03, 0x35,
  0x04, 0xdf, 0xa3, 0xa4, 0xa5, 0x66, 0x03, 0x35, 0x84, 0xde, 0xa3, 0xa6,
  0xa5, 0x66, 0x03, 0x35, 0x04, 0xe6, 0xa3, 0xa8, 0xa5, 0x64, 0x03, 0x35,
  0x84, 0xe5, 0xa3, 0xaa, 0xa5, 0x64, 0x03, 0x35, 0x04, 0xe5, 0xa3, 0xac,
  0xa5, 0x64, 0x03, 0x35, 0x84, 0xe4, 0xa3, 0xae, 0xa5, 0x64, 0x03, 0x35,
  0x04, 0xec, 0xa3, 0xa0, 0xa5, 0x64, 0x03, 0x35, 0x84, 0xeb, 0xa3, 0xa2,
  0xa5, 0x64, 0x03, 0x35, 0x04, 0xeb, 0xa3, 0xa4, 0xa5, 0x64, 0x03, 0x35,
  0x84, 0xea, 0xa3, 0xa6, 0xa5, 0x64, 0x03, 0x35, 0x04, 0xf0, 0xa3, 0xa8,
  0xa5, 0x62, 0x03, 0x35, 0x84, 0xef, 0xa3, 0xaa, 0xa5, 0x62, 0x03, 0x35,
  0x04, 0xef, 0xa3, 0xac, 0xa5, 0x62, 0x03, 0x35, 0x84, 0xee, 0xa3, 0xae,
  0xa5, 0x62, 0x03, 0x35, 0x04, 0xf4, 0xa3, 0xa0, 0xa5, 0x62, 0x03, 0x35,
  0x84, 0xf3, 0xa3, 0xa2, 0xa5, 0x62, 0x03, 0x35, 0x04, 0xf3, 0xa3, 0xa4,
  0xa5, 0x62, 0x03, 0x35, 0x84, 0xf2, 0xa3, 0xa6, 0xa5, 0x62, 0x03, 0x35,
  0x04, 0xf6, 0xa3, 0xa8, 0xa5, 0x60, 0x03, 0x35, 0x84, 0xf5, 0xa3, 0xaa,
  0xa5, 0x60, 0x03, 0x35, 0x04, 0xf5, 0xa3, 0xac, 0xa5, 0x60, 0x03, 0x35,
  0x84, 0xf4, 0xa3, 0xae, 0xa5, 0x60, 0x03, 0x35, 0x84, 0xf7, 0xa3, 0xa0,
  0xa5, 0x60, 0x03, 0x35, 0x04, 0xf7, 0xa3, 0xa2, 0xa5, 0x60, 0x03, 0x35,
  0x84, 0xf6, 0xa3, 0xa4, 0xa5, 0x60, 0x05, 0x65, 0x33, 0x05, 0xa4, 0x40,
  0x03, 0x36, 0x05, 0xf5, 0x05, 0x8a, 0x03, 0x35, 0x04, 0xf8, 0xa3, 0xa6,
  0xa5, 0x60, 0x13, 0x05, 0x00, 0x02, 0x81, 0x45, 0x19, 0xc2, 0x6f, 0xb0,
  0x9f, 0x85, 0x05, 0x65, 0x33, 0x05, 0xa4, 0x40, 0x03, 0x35, 0x05, 0xf1,
  0x05, 0x89, 0xa1, 0x46, 0x81, 0x45, 0x19, 0xc1, 0x6f, 0xb0, 0xaf, 0xfe,
  0x13, 0x01, 0x01, 0x7f, 0x13, 0x01, 0x01, 0x73, 0xbe, 0x70, 0x1e, 0x74,
  0xfe, 0x64, 0x5e, 0x69, 0xbe, 0x69, 0x1e, 0x6a, 0xfa, 0x7a, 0x5a, 0x7b,
  0xba, 0x7b, 0x1a, 0x7c, 0xfa, 0x6c, 0x5a, 0x6d, 0xba, 0x6d, 0x7d, 0x61,
  0x82, 0x80, 0x69, 0x35, 0x97, 0x15, 0x00, 0x00, 0x33, 0x35, 0xa0, 0x00,
  0x93, 0x85, 0x85, 0x07, 0x7d, 0x15, 0x6d, 0x8d, 0x82, 0x80, 0x00, 0x00,
  0x00, 0x00, 0x00, 0x00, 0x06, 0x00, 0x00, 0x00, 0x00, 0x00, 0x00, 0x00,
  0x00, 0x00, 0x00, 0x00, 0x00, 0x00, 0x00, 0x00, 0x00, 0x00, 0x00, 0x00,
  0x00, 0x00, 0x00, 0x00, 0x00, 0x00, 0x00, 0x00, 0x00, 0x00, 0x00, 0x00,
  0x00, 0x00, 0x00, 0x00, 0x00, 0x00, 0x00, 0x00, 0x01, 0x00, 0x00, 0x00,
  0xb2, 0x00, 0x00, 0x00, 0x00, 0x00, 0x00, 0x00, 0x00, 0x00, 0x00, 0x00,
  0x00, 0x00, 0x00, 0x00, 0x00, 0x00, 0x00, 0x00, 0x00, 0x00, 0x00, 0x00,
  0x00, 0x00, 0x00, 0x00, 0x00, 0x00, 0x00, 0x00, 0x00, 0x00, 0x00, 0x00,
  0x00, 0x00, 0x00, 0x00, 0x00, 0x00, 0x00, 0x00, 0x00, 0x00, 0x00, 0x00,
  0x00, 0x00, 0x00, 0x00, 0x00, 0x00, 0x00, 0x00, 0x00, 0x00, 0x00, 0x00,
  0x00, 0x00, 0x00, 0x00, 0x00, 0x00, 0x00, 0x00, 0x00, 0x00, 0x00, 0x00,
  0x00, 0x00, 0x00, 0x00, 0x01, 0x00, 0x00, 0x00, 0x00, 0x00, 0x00, 0x00,
  0x00, 0x00, 0x00, 0x00, 0x00, 0x00, 0x00, 0x00, 0x00, 0x00, 0x00, 0x00,
  0x00, 0x00, 0x00, 0x00, 0x00, 0x00, 0x00, 0x00, 0x00, 0x00, 0x00, 0x00,
  0x00, 0x00, 0x00, 0x00, 0x00, 0x00, 0x00, 0x00, 0x00, 0x00, 0x00, 0x00,
  0x00, 0x00, 0x00, 0x00, 0x00, 0x00, 0x00, 0x00, 0x00, 0x00, 0x00, 0x00,
  0x00, 0x00, 0x00, 0x00, 0x00, 0x00, 0x00, 0x00, 0x00, 0x00, 0x00, 0x00,
  0x00, 0x00, 0x00, 0x00, 0x00, 0x00, 0x00, 0x00, 0x00, 0x00, 0x00, 0x00,
  0x00, 0x00, 0x00, 0x00, 0x00, 0x00, 0x00, 0x00, 0x00, 0x00, 0x00, 0x00,
  0x00, 0x00, 0x00, 0x00, 0x00, 0x00, 0x00, 0x00, 0x00, 0x00, 0x00, 0x00,
  0x1e, 0x00, 0x00, 0x00, 0x00, 0x00, 0x00, 0x00, 0x08, 0x00, 0x00, 0x00,
  0x00, 0x00, 0x00, 0x00, 0xfb, 0xff, 0xff, 0x6f, 0x00, 0x00, 0x00, 0x00,
  0x01, 0x00, 0x00, 0x00, 0x00, 0x00, 0x00, 0x00, 0x07, 0x00, 0x00, 0x00,
  0x00, 0x00, 0x00, 0x00, 0x70, 0x02, 0x00, 0x00, 0x00, 0x00, 0x00, 0x00,
  0x08, 0x00, 0x00, 0x00, 0x00, 0x00, 0x00, 0x00, 0x20, 0x01, 0x00, 0x00,
  0x00, 0x00, 0x00, 0x00, 0x09, 0x00, 0x00, 0x00, 0x00, 0x00, 0x00, 0x00,
  0x18, 0x00, 0x00, 0x00, 0x00, 0x00, 0x00, 0x00, 0xf9, 0xff, 0xff, 0x6f,
  0x00, 0x00, 0x00, 0x00, 0x0c, 0x00, 0x00, 0x00, 0x00, 0x00, 0x00, 0x00,
  0x06, 0x00, 0x00, 0x00, 0x00, 0x00, 0x00, 0x00, 0x00, 0x02, 0x00, 0x00,
  0x00, 0x00, 0x00, 0x00, 0x0b, 0x00, 0x00, 0x00, 0x00, 0x00, 0x00, 0x00,
  0x18, 0x00, 0x00, 0x00, 0x00, 0x00, 0x00, 0x00, 0x05, 0x00, 0x00, 0x00,
  0x00, 0x00, 0x00, 0x00, 0x48, 0x02, 0x00, 0x00, 0x00, 0x00, 0x00, 0x00,
  0x0a, 0x00, 0x00, 0x00, 0x00, 0x00, 0x00, 0x00, 0x23, 0x00, 0x00, 0x00,
  0x00, 0x00, 0x00, 0x00, 0x04, 0x00, 0x00, 0x00, 0x00, 0x00, 0x00, 0x00,
  0x30, 0x02, 0x00, 0x00, 0x00, 0x00, 0x00, 0x00, 0x00, 0x00, 0x00, 0x00,
  0x00, 0x00, 0x00, 0x00, 0x00, 0x00, 0x00, 0x00, 0x00, 0x00, 0x00, 0x00,
  0x01, 0x11, 0x01, 0x25, 0x0e, 0x13, 0x05, 0x03, 0x0e, 0x10, 0x17, 0xb4,
  0x42, 0x19, 0x11, 0x01, 0x12, 0x06, 0x00, 0x00, 0x02, 0x2e, 0x00, 0x11,
  0x01, 0x12, 0x06, 0x40, 0x18, 0x6e, 0x0e, 0x03, 0x0e, 0x3a, 0x0b, 0x3b,
  0x0b, 0x49, 0x13, 0x3f, 0x19, 0x00, 0x00, 0x03, 0x24, 0x00, 0x03, 0x0e,
  0x3e, 0x0b, 0x0b, 0x0b, 0x00, 0x00, 0x00, 0x47, 0x00, 0x00, 0x00, 0x04,
  0x00, 0x00, 0x00, 0x00, 0x00, 0x08, 0x01, 0x06, 0x00, 0x00, 0x00, 0x2c,
  0x00, 0x04, 0x00, 0x00, 0x00, 0x00, 0x00, 0x00, 0x00, 0x58, 0x15, 0x00,
  0x00, 0x00, 0x00, 0x00, 0x00, 0xce, 0x48, 0x00, 0x00, 0x02, 0x58, 0x15,
  0x00, 0x00, 0x00, 0x00, 0x00, 0x00, 0xce, 0x48, 0x00, 0x00, 0x01, 0x58,
  0x0b, 0x00, 0x00, 0x00, 0x0b, 0x00, 0x00, 0x00, 0x01, 0x01, 0x43, 0x00,
  0x00, 0x00, 0x03, 0x00, 0x00, 0x00, 0x00, 0x05, 0x04, 0x00, 0x69, 0x6e,
  0x74, 0x00, 0x2d, 0x00, 0x49, 0x52, 0x45, 0x45, 0x00, 0x76, 0x61, 0x6e,
  0x69, 0x6c, 0x6c, 0x61, 0x5f, 0x6d, 0x61, 0x74, 0x6d, 0x75, 0x6c, 0x5f,
  0x6c, 0x61, 0x72, 0x67, 0x65, 0x5f, 0x64, 0x69, 0x73, 0x70, 0x61, 0x74,
  0x63, 0x68, 0x5f, 0x30, 0x5f, 0x6d, 0x61, 0x74, 0x6d, 0x75, 0x6c, 0x5f,
  0x31, 0x32, 0x38, 0x78, 0x31, 0x32, 0x38, 0x78, 0x31, 0x32, 0x38, 0x5f,
  0x69, 0x38, 0x78, 0x69, 0x38, 0x78, 0x69, 0x33, 0x32, 0x00, 0x4f, 0x00,
  0x00, 0x00, 0x02, 0x00, 0x00, 0x00, 0x00, 0x00, 0x4b, 0x00, 0x00, 0x00,
  0x26, 0x00, 0x00, 0x00, 0x76, 0x61, 0x6e, 0x69, 0x6c, 0x6c, 0x61, 0x5f,
  0x6d, 0x61, 0x74, 0x6d, 0x75, 0x6c, 0x5f, 0x6c, 0x61, 0x72, 0x67, 0x65,
  0x5f, 0x64, 0x69, 0x73, 0x70, 0x61, 0x74, 0x63, 0x68, 0x5f, 0x30, 0x5f,
  0x6d, 0x61, 0x74, 0x6d, 0x75, 0x6c, 0x5f, 0x31, 0x32, 0x38, 0x78, 0x31,
  0x32, 0x38, 0x78, 0x31, 0x32, 0x38, 0x5f, 0x69, 0x38, 0x78, 0x69, 0x38,
  0x78, 0x69, 0x33, 0x32, 0x00, 0x00, 0x00, 0x00, 0x00, 0x16, 0x00, 0x00,
  0x00, 0x02, 0x00, 0x00, 0x00, 0x00, 0x00, 0x4b, 0x00, 0x00, 0x00, 0x43,
  0x00, 0x00, 0x00, 0x69, 0x6e, 0x74, 0x00, 0x00, 0x00, 0x00, 0x00, 0x41,
  0x67, 0x00, 0x00, 0x00, 0x72, 0x69, 0x73, 0x63, 0x76, 0x00, 0x01, 0x5d,
  0x00, 0x00, 0x00, 0x04, 0x10, 0x05, 0x72, 0x76, 0x36, 0x34, 0x69, 0x32,
  0x70, 0x31, 0x5f, 0x6d, 0x32, 0x70, 0x30, 0x5f, 0x61, 0x32, 0x70, 0x31,
  0x5f, 0x66, 0x32, 0x70, 0x32, 0x5f, 0x64, 0x32, 0x70, 0x32, 0x5f, 0x63,
  0x32, 0x70, 0x30, 0x5f, 0x7a, 0x69, 0x63, 0x73, 0x72, 0x32, 0x70, 0x30,
  0x5f, 0x7a, 0x6d, 0x6d, 0x75, 0x6c, 0x31, 0x70, 0x30, 0x5f, 0x7a, 0x61,
  0x61, 0x6d, 0x6f, 0x31, 0x70, 0x30, 0x5f, 0x7a, 0x61, 0x6c, 0x72, 0x73,
  0x63, 0x31, 0x70, 0x30, 0x5f, 0x7a, 0x63, 0x61, 0x31, 0x70, 0x30, 0x5f,
  0x7a, 0x63, 0x64, 0x31, 0x70, 0x30, 0x00, 0x53, 0x00, 0x00, 0x00, 0x04,
  0x00, 0x19, 0x00, 0x00, 0x00, 0x01, 0x01, 0x01, 0xfb, 0x0e, 0x0d, 0x00,
  0x01, 0x01, 0x01, 0x01, 0x00, 0x00, 0x00, 0x01, 0x00, 0x00, 0x01, 0x00,
  0x2d, 0x00, 0x00, 0x00, 0x00, 0x00, 0x00, 0x09, 0x02, 0x58, 0x15, 0x00,
  0x00, 0x00, 0x00, 0x00, 0x00, 0x01, 0x05, 0x01, 0x0a, 0x02, 0x28, 0x12,
  0x06, 0x02, 0x66, 0x11, 0x08, 0x75, 0x02, 0x40, 0x11, 0x02, 0xec, 0x09,
  0x13, 0x02, 0x46, 0x11, 0x4b, 0x02, 0xf4, 0x49, 0x11, 0x9f, 0x02, 0xf8,
  0x3a, 0x11, 0x9f, 0x0b, 0xba, 0x02, 0x26, 0x00, 0x01, 0x01, 0x49, 0x52,
  0x45, 0x45, 0x00, 0x00, 0x00, 0x00, 0x00, 0x00, 0x00, 0x00, 0x00, 0x00,
  0x00, 0x00, 0x00, 0x00, 0x00, 0x00, 0x00, 0x00, 0x00, 0x00, 0x00, 0x00,
  0x00, 0x00, 0x00, 0x00, 0x00, 0x00, 0x00, 0x00, 0x23, 0x00, 0x00, 0x00,
  0x00, 0x02, 0x09, 0x00, 0x20, 0x6f, 0x00, 0x00, 0x00, 0x00, 0x00, 0x00,
  0x00, 0x00, 0x00, 0x00, 0x00, 0x00, 0x00, 0x00, 0x01, 0x00, 0x00, 0x00,
  0x12, 0x00, 0x07, 0x00, 0x26, 0x5e, 0x00, 0x00, 0x00, 0x00, 0x00, 0x00,
  0x14, 0x00, 0x00, 0x00, 0x00, 0x00, 0x00, 0x00, 0x00, 0x2e, 0x64, 0x79,
  0x6e, 0x73, 0x79, 0x6d, 0x00, 0x2e, 0x68, 0x61, 0x73, 0x68, 0x00, 0x2e,
  0x64, 0x79, 0x6e, 0x73, 0x74, 0x72, 0x00, 0x2e, 0x72, 0x65, 0x6c, 0x61,
  0x2e, 0x64, 0x79, 0x6e, 0x00, 0x2e, 0x72, 0x6f, 0x64, 0x61, 0x74, 0x61,
  0x00, 0x2e, 0x65, 0x68, 0x5f, 0x66, 0x72, 0x61, 0x6d, 0x65, 0x00, 0x2e,
  0x74, 0x65, 0x78, 0x74, 0x00, 0x2e, 0x64, 0x61, 0x74, 0x61, 0x2e, 0x72,
  0x65, 0x6c, 0x2e, 0x72, 0x6f, 0x00, 0x2e, 0x64, 0x79, 0x6e, 0x61, 0x6d,
  0x69, 0x63, 0x00, 0x2e, 0x72, 0x65, 0x6c, 0x72, 0x6f, 0x5f, 0x70, 0x61,
  0x64, 0x64, 0x69, 0x6e, 0x67, 0x00, 0x2e, 0x64, 0x65, 0x62, 0x75, 0x67,
  0x5f, 0x61, 0x62, 0x62, 0x72, 0x65, 0x76, 0x00, 0x2e, 0x64, 0x65, 0x62,
  0x75, 0x67, 0x5f, 0x69, 0x6e, 0x66, 0x6f, 0x00, 0x2e, 0x64, 0x65, 0x62,
  0x75, 0x67, 0x5f, 0x73, 0x74, 0x72, 0x00, 0x2e, 0x64, 0x65, 0x62, 0x75,
  0x67, 0x5f, 0x70, 0x75, 0x62, 0x6e, 0x61, 0x6d, 0x65, 0x73, 0x00, 0x2e,
  0x64, 0x65, 0x62, 0x75, 0x67, 0x5f, 0x70, 0x75, 0x62, 0x74, 0x79, 0x70,
  0x65, 0x73, 0x00, 0x2e, 0x72, 0x69, 0x73, 0x63, 0x76, 0x2e, 0x61, 0x74,
  0x74, 0x72, 0x69, 0x62, 0x75, 0x74, 0x65, 0x73, 0x00, 0x2e, 0x64, 0x65,
  0x62, 0x75, 0x67, 0x5f, 0x6c, 0x69, 0x6e, 0x65, 0x00, 0x2e, 0x63, 0x6f,
  0x6d, 0x6d, 0x65, 0x6e, 0x74, 0x00, 0x2e, 0x73, 0x79, 0x6d, 0x74, 0x61,
  0x62, 0x00, 0x2e, 0x73, 0x68, 0x73, 0x74, 0x72, 0x74, 0x61, 0x62, 0x00,
  0x2e, 0x73, 0x74, 0x72, 0x74, 0x61, 0x62, 0x00, 0x00, 0x69, 0x72, 0x65,
  0x65, 0x5f, 0x68, 0x61, 0x6c, 0x5f, 0x65, 0x78, 0x65, 0x63, 0x75, 0x74,
  0x61, 0x62, 0x6c, 0x65, 0x5f, 0x6c, 0x69, 0x62, 0x72, 0x61, 0x72, 0x79,
  0x5f, 0x71, 0x75, 0x65, 0x72, 0x79, 0x00, 0x5f, 0x44, 0x59, 0x4e, 0x41,
  0x4d, 0x49, 0x43, 0x00, 0x00, 0x00, 0x00, 0x00, 0x00, 0x00, 0x00, 0x00,
  0x00, 0x00, 0x00, 0x00, 0x00, 0x00, 0x00, 0x00, 0x00, 0x00, 0x00, 0x00,
  0x00, 0x00, 0x00, 0x00, 0x00, 0x00, 0x00, 0x00, 0x00, 0x00, 0x00, 0x00,
  0x00, 0x00, 0x00, 0x00, 0x00, 0x00, 0x00, 0x00, 0x00, 0x00, 0x00, 0x00,
  0x00, 0x00, 0x00, 0x00, 0x00, 0x00, 0x00, 0x00, 0x00, 0x00, 0x00, 0x00,
  0x00, 0x00, 0x00, 0x00, 0x00, 0x00, 0x00, 0x00, 0x01, 0x00, 0x00, 0x00,
  0x0b, 0x00, 0x00, 0x00, 0x02, 0x00, 0x00, 0x00, 0x00, 0x00, 0x00, 0x00,
  0x00, 0x02, 0x00, 0x00, 0x00, 0x00, 0x00, 0x00, 0x00, 0x02, 0x00, 0x00,
  0x00, 0x00, 0x00, 0x00, 0x30, 0x00, 0x00, 0x00, 0x00, 0x00, 0x00, 0x00,
  0x03, 0x00, 0x00, 0x00, 0x01, 0x00, 0x00, 0x00, 0x08, 0x00, 0x00, 0x00,
  0x00, 0x00, 0x00, 0x00, 0x18, 0x00, 0x00, 0x00, 0x00, 0x00, 0x00, 0x00,
  0x09, 0x00, 0x00, 0x00, 0x05, 0x00, 0x00, 0x00, 0x02, 0x00, 0x00, 0x00,
  0x00, 0x00, 0x00, 0x00, 0x30, 0x02, 0x00, 0x00, 0x00, 0x00, 0x00, 0x00,
  0x30, 0x02, 0x00, 0x00, 0x00, 0x00, 0x00, 0x00, 0x18, 0x00, 0x00, 0x00,
  0x00, 0x00, 0x00, 0x00, 0x01, 0x00, 0x00, 0x00, 0x00, 0x00, 0x00, 0x00,
  0x04, 0x00, 0x00, 0x00, 0x00, 0x00, 0x00, 0x00, 0x04, 0x00, 0x00, 0x00,
  0x00, 0x00, 0x00, 0x00, 0x0f, 0x00, 0x00, 0x00, 0x03, 0x00, 0x00, 0x00,
  0x02, 0x00, 0x00, 0x00, 0x00, 0x00, 0x00, 0x00, 0x48, 0x02, 0x00, 0x00,
  0x00, 0x00, 0x00, 0x00, 0x48, 0x02, 0x00, 0x00, 0x00, 0x00, 0x00, 0x00,
  0x23, 0x00, 0x00, 0x00, 0x00, 0x00, 0x00, 0x00, 0x00, 0x00, 0x00, 0x00,
  0x00, 0x00, 0x00, 0x00, 0x01, 0x00, 0x00, 0x00, 0x00, 0x00, 0x00, 0x00,
  0x00, 0x00, 0x00, 0x00, 0x00, 0x00, 0x00, 0x00, 0x17, 0x00, 0x00, 0x00,
  0x04, 0x00, 0x00, 0x00, 0x02, 0x00, 0x00, 0x00, 0x00, 0x00, 0x00, 0x00,
  0x70, 0x02, 0x00, 0x00, 0x00, 0x00, 0x00, 0x00, 0x70, 0x02, 0x00, 0x00,
  0x00, 0x00, 0x00, 0x00, 0x20, 0x01, 0x00, 0x00, 0x00, 0x00, 0x00, 0x00,
  0x01, 0x00, 0x00, 0x00, 0x00, 0x00, 0x00, 0x00, 0x08, 0x00, 0x00, 0x00,
  0x00, 0x00, 0x00, 0x00, 0x18, 0x00, 0x00, 0x00, 0x00, 0x00, 0x00, 0x00,
  0x21, 0x00, 0x00, 0x00, 0x01, 0x00, 0x00, 0x00, 0x02, 0x00, 0x00, 0x00,
  0x00, 0x00, 0x00, 0x00, 0x90, 0x03, 0x00, 0x00, 0x00, 0x00, 0x00, 0x00,
  0x90, 0x03, 0x00, 0x00, 0x00, 0x00, 0x00, 0x00, 0x50, 0x01, 0x00, 0x00,
  0x00, 0x00, 0x00, 0x00, 0x00, 0x00, 0x00, 0x00, 0x00, 0x00, 0x00, 0x00,
  0x10, 0x00, 0x00, 0x00, 0x00, 0x00, 0x00, 0x00, 0x00, 0x00, 0x00, 0x00,
  0x00, 0x00, 0x00, 0x00, 0x29, 0x00, 0x00, 0x00, 0x01, 0x00, 0x00, 0x00,
  0x02, 0x00, 0x00, 0x00, 0x00, 0x00, 0x00, 0x00, 0xe0, 0x04, 0x00, 0x00,
  0x00, 0x00, 0x00, 0x00, 0xe0, 0x04, 0x00, 0x00, 0x00, 0x00, 0x00, 0x00,
  0x78, 0x00, 0x00, 0x00, 0x00, 0x00, 0x00, 0x00, 0x00, 0x00, 0x00, 0x00,
  0x00, 0x00, 0x00, 0x00, 0x08, 0x00, 0x00, 0x00, 0x00, 0x00, 0x00, 0x00,
  0x00, 0x00, 0x00, 0x00, 0x00, 0x00, 0x00, 0x00, 0x33, 0x00, 0x00, 0x00,
  0x01, 0x00, 0x00, 0x00, 0x06, 0x00, 0x00, 0x00, 0x00, 0x00, 0x00, 0x00,
  0x58, 0x15, 0x00, 0x00, 0x00, 0x00, 0x00, 0x00, 0x58, 0x05, 0x00, 0x00,
  0x00, 0x00, 0x00, 0x00, 0xe2, 0x48, 0x00, 0x00, 0x00, 0x00, 0x00, 0x00,
  0x00, 0x00, 0x00, 0x00, 0x00, 0x00, 0x00, 0x00, 0x02, 0x00, 0x00, 0x00,
  0x00, 0x00, 0x00, 0x00, 0x00, 0x00, 0x00, 0x00, 0x00, 0x00, 0x00, 0x00,
  0x39, 0x00, 0x00, 0x00, 0x01, 0x00, 0x00, 0x00, 0x03, 0x00, 0x00, 0x00,
  0x00, 0x00, 0x00, 0x00, 0x40, 0x6e, 0x00, 0x00, 0x00, 0x00, 0x00, 0x00,
  0x40, 0x4e, 0x00, 0x00, 0x00, 0x00, 0x00, 0x00, 0xe0, 0x00, 0x00, 0x00,
  0x00, 0x00, 0x00, 0x00, 0x00, 0x00, 0x00, 0x00, 0x00, 0x00, 0x00, 0x00,
  0x10, 0x00, 0x00, 0x00, 0x00, 0x00, 0x00, 0x00, 0x00, 0x00, 0x00, 0x00,
  0x00, 0x00, 0x00, 0x00, 0x46, 0x00, 0x00, 0x00, 0x06, 0x00, 0x00, 0x00,
  0x03, 0x00, 0x00, 0x00, 0x00, 0x00, 0x00, 0x00, 0x20, 0x6f, 0x00, 0x00,
  0x00, 0x00, 0x00, 0x00, 0x20, 0x4f, 0x00, 0x00, 0x00, 0x00, 0x00, 0x00,
  0xc0, 0x00, 0x00, 0x00, 0x00, 0x00, 0x00, 0x00, 0x03, 0x00, 0x00, 0x00,
  0x00, 0x00, 0x00, 0x00, 0x08, 0x00, 0x00, 0x00, 0x00, 0x00, 0x00, 0x00,
  0x10, 0x00, 0x00, 0x00, 0x00, 0x00, 0x00, 0x00, 0x4f, 0x00, 0x00, 0x00,
  0x08, 0x00, 0x00, 0x00, 0x03, 0x00, 0x00, 0x00, 0x00, 0x00, 0x00, 0x00,
  0xe0, 0x6f, 0x00, 0x00, 0x00, 0x00, 0x00, 0x00, 0xe0, 0x4f, 0x00, 0x00,
  0x00, 0x00, 0x00, 0x00, 0x20, 0x00, 0x00, 0x00, 0x00, 0x00, 0x00, 0x00,
  0x00, 0x00, 0x00, 0x00, 0x00, 0x00, 0x00, 0x00, 0x01, 0x00, 0x00, 0x00,
  0x00, 0x00, 0x00, 0x00, 0x00, 0x00, 0x00, 0x00, 0x00, 0x00, 0x00, 0x00,
  0x5e, 0x00, 0x00, 0x00, 0x01, 0x00, 0x00, 0x00, 0x00, 0x00, 0x00, 0x00,
  0x00, 0x00, 0x00, 0x00, 0x00, 0x00, 0x00, 0x00, 0x00, 0x00, 0x00, 0x00,
  0xe0, 0x4f, 0x00, 0x00, 0x00, 0x00, 0x00, 0x00, 0x37, 0x00, 0x00, 0x00,
  0x00, 0x00, 0x00, 0x00, 0x00, 0x00, 0x00, 0x00, 0x00, 0x00, 0x00, 0x00,
  0x01, 0x00, 0x00, 0x00, 0x00, 0x00, 0x00, 0x00, 0x00, 0x00, 0x00, 0x00,
  0x00, 0x00, 0x00, 0x00, 0x6c, 0x00, 0x00, 0x00, 0x01, 0x00, 0x00, 0x00,
  0x00, 0x00, 0x00, 0x00, 0x00, 0x00, 0x00, 0x00, 0x00, 0x00, 0x00, 0x00,
  0x00, 0x00, 0x00, 0x00, 0x17, 0x50, 0x00, 0x00, 0x00, 0x00, 0x00, 0x00,
  0x4b, 0x00, 0x00, 0x00, 0x00, 0x00, 0x00, 0x00, 0x00, 0x00, 0x00, 0x00,
  0x00, 0x00, 0x00, 0x00, 0x01, 0x00, 0x00, 0x00, 0x00, 0x00, 0x00, 0x00,
  0x00, 0x00, 0x00, 0x00, 0x00, 0x00, 0x00, 0x00, 0x78, 0x00, 0x00, 0x00,
  0x01, 0x00, 0x00, 0x00, 0x30, 0x00, 0x00, 0x00, 0x00, 0x00, 0x00, 0x00,
  0x00, 0x00, 0x00, 0x00, 0x00, 0x00, 0x00, 0x00, 0x62, 0x50, 0x00, 0x00,
  0x00, 0x00, 0x00, 0x00, 0x48, 0x00, 0x00, 0x00, 0x00, 0x00, 0x00, 0x00,
  0x00, 0x00, 0x00, 0x00, 0x00, 0x00, 0x00, 0x00, 0x01, 0x00, 0x00, 0x00,
  0x00, 0x00, 0x00, 0x00, 0x01, 0x00, 0x00, 0x00, 0x00, 0x00, 0x00, 0x00,
  0x83, 0x00, 0x00, 0x00, 0x01, 0x00, 0x00, 0x00, 0x00, 0x00, 0x00, 0x00,
  0x00, 0x00, 0x00, 0x00, 0x00, 0x00, 0x00, 0x00, 0x00, 0x00, 0x00, 0x00,
  0xaa, 0x50, 0x00, 0x00, 0x00, 0x00, 0x00, 0x00, 0x53, 0x00, 0x00, 0x00,
  0x00, 0x00, 0x00, 0x00, 0x00, 0x00, 0x00, 0x00, 0x00, 0x00, 0x00, 0x00,
  0x01, 0x00, 0x00, 0x00, 0x00, 0x00, 0x00, 0x00, 0x00, 0x00, 0x00, 0x00,
  0x00, 0x00, 0x00, 0x00, 0x93, 0x00, 0x00, 0x00, 0x01, 0x00, 0x00, 0x00,
  0x00, 0x00, 0x00, 0x00, 0x00, 0x00, 0x00, 0x00, 0x00, 0x00, 0x00, 0x00,
  0x00, 0x00, 0x00, 0x00, 0xfd, 0x50, 0x00, 0x00, 0x00, 0x00, 0x00, 0x00,
  0x1a, 0x00, 0x00, 0x00, 0x00, 0x00, 0x00, 0x00, 0x00, 0x00, 0x00, 0x00,
  0x00, 0x00, 0x00, 0x00, 0x01, 0x00, 0x00, 0x00, 0x00, 0x00, 0x00, 0x00,
  0x00, 0x00, 0x00, 0x00, 0x00, 0x00, 0x00, 0x00, 0xa3, 0x00, 0x00, 0x00,
  0x03, 0x00, 0x00, 0x70, 0x00, 0x00, 0x00, 0x00, 0x00, 0x00, 0x00, 0x00,
  0x00, 0x00, 0x00, 0x00, 0x00, 0x00, 0x00, 0x00, 0x17, 0x51, 0x00, 0x00,
  0x00, 0x00, 0x00, 0x00, 0x68, 0x00, 0x00, 0x00, 0x00, 0x00, 0x00, 0x00,
  0x00, 0x00, 0x00, 0x00, 0x00, 0x00, 0x00, 0x00, 0x01, 0x00, 0x00, 0x00,
  0x00, 0x00, 0x00, 0x00, 0x00, 0x00, 0x00, 0x00, 0x00, 0x00, 0x00, 0x00,
  0xb5, 0x00, 0x00, 0x00, 0x01, 0x00, 0x00, 0x00, 0x00, 0x00, 0x00, 0x00,
  0x00, 0x00, 0x00, 0x00, 0x00, 0x00, 0x00, 0x00, 0x00, 0x00, 0x00, 0x00,
  0x7f, 0x51, 0x00, 0x00, 0x00, 0x00, 0x00, 0x00, 0x57, 0x00, 0x00, 0x00,
  0x00, 0x00, 0x00, 0x00, 0x00, 0x00, 0x00, 0x00, 0x00, 0x00, 0x00, 0x00,
  0x01, 0x00, 0x00, 0x00, 0x00, 0x00, 0x00, 0x00, 0x00, 0x00, 0x00, 0x00,
  0x00, 0x00, 0x00, 0x00, 0xc1, 0x00, 0x00, 0x00, 0x01, 0x00, 0x00, 0x00,
  0x30, 0x00, 0x00, 0x00, 0x00, 0x00, 0x00, 0x00, 0x00, 0x00, 0x00, 0x00,
  0x00, 0x00, 0x00, 0x00, 0xd6, 0x51, 0x00, 0x00, 0x00, 0x00, 0x00, 0x00,
  0x05, 0x00, 0x00, 0x00, 0x00, 0x00, 0x00, 0x00, 0x00, 0x00, 0x00, 0x00,
  0x00, 0x00, 0x00, 0x00, 0x01, 0x00, 0x00, 0x00, 0x00, 0x00, 0x00, 0x00,
  0x01, 0x00, 0x00, 0x00, 0x00, 0x00, 0x00, 0x00, 0xca, 0x00, 0x00, 0x00,
  0x02, 0x00, 0x00, 0x00, 0x00, 0x00, 0x00, 0x00, 0x00, 0x00, 0x00, 0x00,
  0x00, 0x00, 0x00, 0x00, 0x00, 0x00, 0x00, 0x00, 0xe0, 0x51, 0x00, 0x00,
  0x00, 0x00, 0x00, 0x00, 0x48, 0x00, 0x00, 0x00, 0x00, 0x00, 0x00, 0x00,
  0x15, 0x00, 0x00, 0x00, 0x02, 0x00, 0x00, 0x00, 0x08, 0x00, 0x00, 0x00,
  0x00, 0x00, 0x00, 0x00, 0x18, 0x00, 0x00, 0x00, 0x00, 0x00, 0x00, 0x00,
  0xd2, 0x00, 0x00, 0x00, 0x03, 0x00, 0x00, 0x00, 0x00, 0x00, 0x00, 0x00,
  0x00, 0x00, 0x00, 0x00, 0x00, 0x00, 0x00, 0x00, 0x00, 0x00, 0x00, 0x00,
  0x28, 0x52, 0x00, 0x00, 0x00, 0x00, 0x00, 0x00, 0xe4, 0x00, 0x00, 0x00,
  0x00, 0x00, 0x00, 0x00, 0x00, 0x00, 0x00, 0x00, 0x00, 0x00, 0x00, 0x00,
  0x01, 0x00, 0x00, 0x00, 0x00, 0x00, 0x00, 0x00, 0x00, 0x00, 0x00, 0x00,
  0x00, 0x00, 0x00, 0x00, 0xdc, 0x00, 0x00, 0x00, 0x03, 0x00, 0x00, 0x00,
  0x00, 0x00, 0x00, 0x00, 0x00, 0x00, 0x00, 0x00, 0x00, 0x00, 0x00, 0x00,
  0x00, 0x00, 0x00, 0x00, 0x0c, 0x53, 0x00, 0x00, 0x00, 0x00, 0x00, 0x00,
  0x2c, 0x00, 0x00, 0x00, 0x00, 0x00, 0x00, 0x00, 0x00, 0x00, 0x00, 0x00,
  0x00, 0x00, 0x00, 0x00, 0x01, 0x00, 0x00, 0x00, 0x00, 0x00, 0x00, 0x00,
  0x00, 0x00, 0x00, 0x00, 0x00, 0x00, 0x00, 0x00
};
unsigned int model_vmfb_len = 26936;
